,F116,F121,F115,F70,F130,F1,F71,category,1
0,0.45327014,-0.08734065,-0.3213848,0.15407492,-0.5368253,1.1980149,-0.8289416,0,0.0005647290280230508
1,1.4555937,1.7287908,-0.3213848,0.15407492,-0.5368253,-0.62333846,-0.8289416,0,0.007365191898535591
2,-0.54905343,-0.45056695,-0.3213848,0.64405185,-0.25265446,-0.62333846,2.2545798,0,3.507760117000899e-05
3,-0.54905343,-0.45056695,-0.3213848,0.64405185,-0.25265446,-0.62333846,2.2545798,0,3.507760117000899e-05
4,-0.54905343,-0.45056695,-0.3213848,0.64405185,-0.25265446,-0.62333846,2.2545798,0,3.507760117000899e-05
5,-0.54905343,-0.45056695,-0.3213848,0.64405185,-0.25265446,-0.62333846,2.2545798,0,3.507760117000899e-05
6,-0.54905343,-0.45056695,-0.3213848,0.64405185,-0.25265446,-0.62333846,2.2545798,0,3.507760117000899e-05
7,-0.54905343,-0.45056695,-0.3213848,0.64405185,-0.25265446,-0.62333846,2.2545798,0,3.507760117000899e-05
8,-0.54905343,-0.45056695,-0.3213848,0.64405185,-0.25265446,-0.62333846,2.2545798,0,3.507760117000899e-05
9,-0.54905343,-0.45056695,-0.3213848,0.64405185,-0.25265446,-0.62333846,2.2545798,0,3.507760117000899e-05
10,-0.54905343,-0.45056695,-0.3213848,0.64405185,-0.25265446,-0.62333846,2.2545798,0,3.507760117000899e-05
11,-0.54905343,-0.45056695,-0.3213848,0.64405185,-0.25265446,-0.62333846,2.2545798,0,3.507760117000899e-05
12,-0.54905343,-0.45056695,-0.3213848,0.64405185,-0.25265446,-0.62333846,2.2545798,0,3.507760117000899e-05
13,-0.54905343,-0.45056695,-0.3213848,0.64405185,-0.25265446,-0.62333846,2.2545798,0,3.507760117000899e-05
14,-0.54905343,-0.45056695,-0.3213848,0.64405185,-0.25265446,-0.62333846,2.2545798,0,3.507760117000899e-05
15,-0.54905343,-0.45056695,-0.3213848,0.64405185,-0.25265446,-0.62333846,2.2545798,0,3.507760117000899e-05
16,-0.54905343,-0.45056695,-0.3213848,0.64405185,-0.25265446,-0.62333846,2.2545798,0,3.507760117000899e-05
17,-0.54905343,-0.45056695,-0.3213848,0.64405185,-0.25265446,-0.62333846,2.2545798,0,3.507760117000899e-05
18,-0.54905343,-0.45056695,-0.3213848,0.64405185,-0.25265446,-0.62333846,2.2545798,0,3.507760117000899e-05
19,-0.54905343,-0.45056695,-0.3213848,0.64405185,-0.25265446,-0.62333846,2.2545798,0,3.507760117000899e-05
20,-0.54905343,-0.45056695,-0.3213848,0.64405185,-0.25265446,-0.62333846,2.2545798,0,3.507760117000899e-05
21,-0.54905343,-0.45056695,-0.3213848,0.64405185,-0.25265446,-0.62333846,2.2545798,0,3.507760117000899e-05
22,-0.54905343,-0.45056695,-0.3213848,0.64405185,-0.25265446,-0.62333846,2.2545798,0,3.507760117000899e-05
23,-0.54905343,-0.45056695,-0.3213848,0.64405185,-0.25265446,-0.62333846,2.2545798,0,3.507760117000899e-05
24,-0.54905343,-0.45056695,-0.3213848,0.64405185,-0.25265446,-0.62333846,2.2545798,0,3.507760117000899e-05
25,-0.54905343,-0.45056695,-0.3213848,0.64405185,-0.25265446,-0.62333846,2.2545798,0,3.507760117000899e-05
26,-0.54905343,-0.45056695,-0.3213848,0.64405185,-0.25265446,-0.62333846,2.2545798,0,3.507760117000899e-05
27,-0.54905343,-0.45056695,-0.3213848,0.64405185,-0.25265446,-0.62333846,2.2545798,0,3.507760117000899e-05
28,-0.54905343,-0.45056695,-0.3213848,0.64405185,-0.25265446,-0.62333846,2.2545798,0,3.507760117000899e-05
29,-0.54905343,-0.45056695,-0.3213848,0.64405185,-0.25265446,-0.62333846,2.2545798,0,3.507760117000899e-05
30,-0.54905343,-0.45056695,-0.3213848,0.64405185,-0.25265446,-0.62333846,2.2545798,0,3.507760117000899e-05
31,-0.54905343,-0.45056695,-0.3213848,0.64405185,-0.25265446,-0.62333846,2.2545798,0,3.507760117000899e-05
32,-0.54905343,-0.45056695,-0.3213848,0.64405185,-0.25265446,-0.62333846,2.2545798,0,3.507760117000899e-05
33,-0.54905343,-0.45056695,-0.3213848,0.64405185,-0.25265446,-0.62333846,2.2545798,0,3.507760117000899e-05
34,-0.54905343,-0.45056695,-0.3213848,0.64405185,-0.25265446,-0.62333846,2.2545798,0,3.507760117000899e-05
35,-0.54905343,-0.45056695,-0.3213848,0.64405185,-0.25265446,-0.62333846,2.2545798,0,3.507760117000899e-05
36,-0.54905343,-0.45056695,-0.3213848,0.64405185,-0.25265446,-0.62333846,2.2545798,0,3.507760117000899e-05
37,-0.54905343,-0.45056695,-0.3213848,0.64405185,-0.25265446,-0.62333846,2.2545798,0,3.507760117000899e-05
38,-0.54905343,-0.45056695,-0.3213848,0.64405185,-0.25265446,-0.62333846,2.2545798,0,3.507760117000899e-05
39,-0.54905343,-0.45056695,-0.3213848,0.64405185,-0.25265446,-0.62333846,2.2545798,0,3.507760117000899e-05
40,-0.54905343,-0.45056695,-0.3213848,0.64405185,-0.25265446,-0.62333846,2.2545798,0,3.507760117000899e-05
41,-0.54905343,-0.45056695,-0.3213848,0.64405185,-0.25265446,-0.62333846,2.2545798,0,3.507760117000899e-05
42,-0.54905343,-0.45056695,-0.3213848,0.64405185,-0.25265446,-0.62333846,2.2545798,0,3.507760117000899e-05
43,-0.54905343,-0.45056695,-0.3213848,0.64405185,-0.25265446,-0.62333846,2.2545798,0,3.507760117000899e-05
44,-0.54905343,-0.45056695,-0.3213848,0.64405185,-0.25265446,-0.62333846,2.2545798,0,3.507760117000899e-05
45,-0.54905343,-0.45056695,-0.3213848,0.64405185,-0.25265446,-0.62333846,2.2545798,0,3.507760117000899e-05
46,-0.54905343,-0.45056695,-0.3213848,0.64405185,-0.25265446,-0.62333846,2.2545798,0,3.507760117000899e-05
47,-0.54905343,-0.45056695,-0.3213848,0.64405185,-0.25265446,-0.62333846,2.2545798,0,3.507760117000899e-05
48,-0.54905343,-0.45056695,-0.3213848,0.6001959,-0.5818768,-0.62333846,-0.8289416,0,1.134627043671444e-05
49,-0.54905343,-0.45056695,-0.3213848,0.64405185,-0.5818768,-0.62333846,-0.8289416,0,1.1043544092607881e-05
50,-0.54905343,-0.45056695,-0.3213848,0.64405185,-0.5818768,-0.62333846,-0.8289416,0,1.1043544092607881e-05
51,-0.54905343,-0.45056695,-0.3213848,0.64405185,-0.5818768,-0.62333846,-0.8289416,0,1.1043544092607881e-05
52,-0.54905343,-0.45056695,-0.3213848,0.64405185,-0.5818768,-0.62333846,-0.8289416,0,1.1043544092607881e-05
53,-0.54905343,-0.45056695,-0.3213848,0.64405185,-0.5818768,-0.62333846,-0.8289416,0,1.1043544092607881e-05
54,-0.54905343,-0.45056695,-0.3213848,0.64405185,-0.5818768,-0.62333846,-0.8289416,0,1.1043544092607881e-05
55,-0.54905343,-0.45056695,-0.3213848,0.64405185,-0.5818768,-0.62333846,-0.8289416,0,1.1043544092607881e-05
56,-0.54905343,-0.45056695,-0.3213848,0.64405185,-0.5818768,-0.62333846,-0.8289416,0,1.1043544092607881e-05
57,-0.54905343,-0.45056695,-0.3213848,0.52609444,-0.5818768,-0.62333846,-1.1372938,0,1.089534425572649e-05
58,-0.54905343,-0.45056695,-0.3213848,-0.6202095,-0.5818768,-0.62333846,-1.4456459,0,2.0265830327785546e-05
59,-0.54905343,-0.45056695,-0.3213848,0.52609444,-0.5818768,-0.62333846,-1.1372938,0,1.089534425572649e-05
60,-0.54905343,-0.45056695,-0.3213848,0.52609444,-0.5818768,-0.62333846,-1.1372938,0,1.089534425572649e-05
61,-0.54905343,-0.45056695,-0.3213848,-2.3230305,-0.54524153,-0.62333846,-1.4456459,0,5.983312432058734e-05
62,-0.54905343,-0.45056695,-0.3213848,-2.3230305,-0.54524153,-0.62333846,-1.4456459,0,5.983312432058734e-05
63,-0.54905343,-0.45056695,-0.3213848,-2.3230305,-0.54524153,-0.62333846,-1.4456459,0,5.983312432058734e-05
64,-0.54905343,-0.45056695,-0.3213848,-2.3230305,-0.54524153,-0.62333846,-1.4456459,0,5.983312432058734e-05
65,-0.54905343,-0.45056695,-0.3213848,-2.3230305,-0.54524153,-0.62333846,-1.4456459,0,5.983312432058734e-05
66,-0.54905343,-0.45056695,-0.3213848,-2.3230305,-0.54524153,-0.62333846,-1.4456459,0,5.983312432058734e-05
67,-0.54905343,-0.45056695,-0.3213848,-2.3230305,-0.54524153,-0.62333846,-1.4456459,0,5.983312432058734e-05
68,-0.54905343,-0.45056695,-0.3213848,-2.3230305,-0.54524153,-0.62333846,-1.4456459,0,5.983312432058734e-05
69,-0.54905343,-0.45056695,-0.3213848,-2.3230305,-0.54524153,-0.62333846,-1.4456459,0,5.983312432058734e-05
70,-0.54905343,-0.45056695,-0.12353984,0.64405185,1.9365501,-0.62333846,1.3295234,0,0.00028179359230643737
71,0.78737795,1.7287908,-0.12353984,0.64405185,1.9365501,-0.62333846,1.3295234,0,0.02773199389142771
72,0.45327014,1.7287908,-0.12353984,0.64405185,1.9365501,-0.62333846,1.3295234,0,0.012965247695710077
73,0.78737795,1.7287908,-0.12353984,0.64405185,1.9365501,1.1980149,1.3295234,0,0.07289804839366992
74,1.2328552,1.7287908,-0.12353984,0.64405185,1.9365501,4.8407216,1.3295234,1,0.6268988264545055
75,1.1214858,1.7287908,-0.12353984,0.64405185,1.9365501,4.8407216,1.3295234,1,0.564752475059091
76,1.2328552,1.7287908,-0.12353984,0.64405185,1.9365501,4.8407216,1.3295234,1,0.6268988264545055
77,-0.54905343,1.7287908,-0.12353984,-1.2220947,1.9365501,-0.62333846,0.09611485,0,0.0028634903997036575
219,1.4555937,1.7287908,-0.12353984,0.64405185,1.9365501,-0.62333846,1.3295234,1,0.11854634235458344
78,-0.54905343,1.7287908,-0.12353984,-1.2220947,1.9365501,-0.62333846,0.09611485,0,0.0047518836321565425
79,-0.54905343,-1.1770196,-0.12353984,0.4807262,1.9365501,1.1980149,0.71281916,0,0.0008424220654253676
80,-0.54905343,-1.1770196,-0.12353984,0.4807262,1.9365501,1.1980149,0.71281916,0,0.0008424220654253676
81,-0.54905343,-1.1770196,-0.12353984,0.4807262,1.9365501,-0.62333846,0.71281916,0,0.00023511750010647738
82,-0.54905343,-1.1770196,-0.12353984,0.4807262,1.9365501,-0.62333846,0.71281916,0,0.00023511750010647738
83,-0.54905343,-1.1770196,-0.12353984,0.4807262,1.9365501,1.1980149,0.71281916,0,0.0008424220654253676
84,-0.54905343,-1.1770196,-0.12353984,0.4807262,1.9365501,-0.62333846,0.71281916,0,0.00023511750010647738
85,-0.54905343,-1.1770196,-0.12353984,0.4807262,1.9365501,-0.62333846,0.71281916,0,0.00023511750010647738
86,-0.54905343,-1.1770196,-0.12353984,0.4807262,1.9365501,1.1980149,0.71281916,0,0.0008424220654253676
87,-0.54905343,-1.1770196,-0.12353984,0.4807262,1.9365501,-0.62333846,0.71281916,0,0.00023511750010647738
88,-0.54905343,-1.1770196,-0.12353984,0.4807262,1.9365501,-0.62333846,0.71281916,0,0.00023511750010647738
89,-0.54905343,-1.1770196,-0.12353984,0.4807262,1.9365501,1.1980149,0.71281916,0,0.0008424220654253676
90,-0.54905343,-1.1770196,-0.12353984,0.4807262,1.9365501,-0.62333846,0.71281916,0,0.00023511750010647738
91,-0.54905343,-1.1770196,-0.12353984,0.4807262,1.9365501,-0.62333846,0.71281916,0,0.00023511750010647738
92,-0.54905343,-1.1770196,-0.12353984,0.4807262,1.9365501,1.1980149,0.71281916,0,0.0008424220654253676
93,-0.54905343,-1.1770196,-0.12353984,0.4807262,1.9365501,-0.62333846,0.71281916,0,0.00023511750010647738
94,-0.54905343,-1.1770196,-0.12353984,0.4807262,1.9365501,1.1980149,0.71281916,0,0.0008424220654253676
95,-0.54905343,-1.1770196,-0.12353984,0.4807262,1.9365501,1.1980149,0.71281916,0,0.0008424220654253676
96,-0.54905343,-1.1770196,-0.12353984,0.4807262,1.9365501,-0.62333846,0.71281916,0,0.00023511750010647738
97,-0.54905343,-1.1770196,-0.12353984,0.4807262,1.9365501,1.1980149,0.71281916,0,0.0008424220654253676
98,-0.54905343,-1.1770196,-0.12353984,0.4807262,1.9365501,1.1980149,0.71281916,0,0.0008424220654253676
99,-0.54905343,-1.1770196,-0.12353984,0.4807262,1.9365501,-0.62333846,0.71281916,0,0.00023511750010647738
100,-0.54905343,-1.1770196,-0.12353984,0.4807262,1.9365501,1.1980149,0.71281916,0,0.0008424220654253676
101,-0.54905343,-1.1770196,-0.12353984,0.4807262,1.9365501,1.1980149,0.71281916,0,0.0008424220654253676
102,-0.54905343,-1.1770196,-0.12353984,0.4807262,1.9365501,-0.62333846,0.71281916,0,0.00023511750010647738
103,-0.54905343,-0.08734065,-0.12353984,0.64405185,1.9365501,-0.62333846,1.3295234,0,0.0005966399217379423
104,-0.54905343,-0.45056695,-0.12353984,-1.0134008,1.9365501,1.1980149,0.09611485,0,0.0030088992846086884
105,-0.54905343,-0.45056695,-0.12353984,-1.0134008,1.9365501,1.1980149,0.09611485,0,0.0030088992846086884
106,-0.54905343,-0.45056695,-0.12353984,-1.0134008,1.9365501,1.1980149,0.09611485,0,0.0030088992846086884
107,-0.54905343,-0.45056695,-0.12353984,-1.0134008,1.9365501,1.1980149,0.09611485,0,0.0030088992846086884
108,-0.54905343,-0.45056695,-0.12353984,-1.0134008,1.9365501,1.1980149,0.09611485,0,0.0030088992846086884
109,-0.54905343,-0.45056695,-0.12353984,-1.0134008,1.9365501,1.1980149,0.09611485,0,0.0030088992846086884
110,-0.54905343,-0.45056695,-0.12353984,-1.0134008,1.9365501,1.1980149,0.09611485,0,0.0030088992846086884
111,-0.54905343,-0.45056695,-0.12353984,-1.0134008,1.9365501,1.1980149,0.09611485,0,0.0030088992846086884
112,-0.54905343,-0.45056695,-0.12353984,-1.0134008,1.9365501,1.1980149,0.09611485,0,0.0030088992846086884
113,-0.54905343,-0.45056695,-0.12353984,0.64405185,1.9365501,1.1980149,1.3295234,0,0.0016371107025721012
114,-0.54905343,-0.45056695,-0.12353984,0.64405185,1.9365501,1.1980149,1.3295234,0,0.0016371107025721012
115,-0.54905343,-0.45056695,-0.12353984,0.64405185,1.9365501,-0.62333846,1.3295234,0,0.0004571748752358276
116,-0.54905343,-0.45056695,-0.12353984,0.64405185,1.9365501,-0.62333846,1.3295234,0,0.0004571748752358276
117,-0.54905343,-0.45056695,-0.12353984,0.64405185,1.9365501,1.1980149,1.3295234,0,0.0016371107025721012
118,-0.54905343,-0.45056695,-0.12353984,0.64405185,1.9365501,-0.62333846,1.3295234,0,0.0004571748752358276
119,-0.54905343,-0.45056695,-0.12353984,0.64405185,1.9365501,1.1980149,1.3295234,0,0.0016371107025721012
120,-0.54905343,-0.45056695,-0.12353984,0.64405185,1.9365501,1.1980149,1.3295234,0,0.0016371107025721012
121,-0.54905343,-0.45056695,-0.12353984,0.64405185,1.9365501,1.1980149,1.3295234,0,0.0016371107025721012
122,-0.54905343,-0.45056695,-0.12353984,0.64405185,1.9365501,-0.62333846,1.3295234,0,0.0004571748752358276
123,-0.54905343,-0.45056695,-0.12353984,0.64405185,1.9365501,1.1980149,1.3295234,0,0.0016371107025721012
124,-0.54905343,-0.45056695,-0.12353984,0.64405185,1.9365501,1.1980149,1.3295234,0,0.0016371107025721012
125,-0.54905343,-0.45056695,-0.12353984,0.64405185,1.9365501,-0.62333846,1.3295234,0,0.0004571748752358276
126,-0.54905343,-0.45056695,-0.12353984,0.64405185,1.9365501,-0.62333846,1.3295234,0,0.0004571748752358276
127,-0.54905343,-0.45056695,-0.12353984,0.64405185,1.9365501,-0.62333846,1.3295234,0,0.0004571748752358276
128,-0.54905343,-0.45056695,-0.12353984,0.64405185,1.9365501,1.1980149,1.3295234,0,0.0016371107025721012
129,-0.54905343,-0.45056695,-0.12353984,0.64405185,1.9365501,1.1980149,1.3295234,0,0.0016371107025721012
130,-0.54905343,-0.45056695,-0.12353984,0.64405185,1.9365501,1.1980149,1.3295234,0,0.0016371107025721012
131,-0.54905343,-0.45056695,-0.12353984,-2.1097999,1.9365501,1.1980149,-1.1372938,0,0.003826429931584098
132,-0.54905343,-0.45056695,-0.12353984,-2.1097999,1.9365501,1.1980149,-1.1372938,0,0.003826429931584098
133,-0.54905343,-0.45056695,-0.12353984,-2.1097999,1.9365501,1.1980149,-1.1372938,0,0.003826429931584098
134,-0.54905343,-0.45056695,-0.12353984,-2.1097999,1.9365501,1.1980149,-1.1372938,0,0.003826429931584098
135,-0.54905343,-0.45056695,-0.12353984,-2.1097999,1.9365501,1.1980149,-1.1372938,0,0.003826429931584098
136,-0.54905343,-0.45056695,-0.12353984,-2.1097999,1.9365501,1.1980149,-1.1372938,0,0.003826429931584098
137,-0.54905343,-0.45056695,-0.12353984,-2.1097999,1.9365501,1.1980149,-1.1372938,0,0.003826429931584098
138,-0.54905343,-0.45056695,-0.12353984,-2.1097999,1.9365501,-0.62333846,-1.1372938,0,0.0010702494865030493
139,-0.54905343,-0.45056695,-0.12353984,-2.1097999,1.9365501,1.1980149,-1.1372938,0,0.003826429931584098
140,-0.54905343,-0.45056695,-0.12353984,-2.1097999,1.9365501,-0.62333846,-1.1372938,0,0.0010702494865030493
141,-0.54905343,-0.45056695,-0.12353984,0.64405185,1.9365501,1.1980149,1.3295234,0,0.0016371107025721012
142,-0.54905343,-0.45056695,-0.12353984,0.64405185,1.9365501,1.1980149,1.3295234,0,0.0016371107025721012
143,-0.54905343,-0.45056695,-0.12353984,0.64405185,1.9365501,-0.62333846,1.3295234,0,0.0004571748752358276
144,-0.54905343,-0.45056695,-0.12353984,0.64405185,1.9365501,1.1980149,1.3295234,0,0.0016371107025721012
145,-0.54905343,-0.45056695,-0.12353984,0.64405185,1.9365501,1.1980149,1.3295234,0,0.0016371107025721012
146,-0.54905343,-0.45056695,-0.12353984,0.64405185,1.9365501,-0.62333846,1.3295234,0,0.0004571748752358276
147,-0.54905343,-0.45056695,-0.12353984,0.64405185,1.9365501,1.1980149,1.3295234,0,0.0016371107025721012
148,-0.54905343,-0.45056695,-0.12353984,0.64405185,1.9365501,1.1980149,1.3295234,0,0.0016371107025721012
149,-0.54905343,-0.45056695,-0.12353984,0.64405185,1.9365501,1.1980149,1.3295234,0,0.0016371107025721012
150,-0.54905343,-0.45056695,-0.12353984,0.64405185,1.9365501,1.1980149,1.3295234,0,0.0016371107025721012
151,-0.54905343,-0.45056695,-0.12353984,0.64405185,1.9365501,1.1980149,1.3295234,0,0.0016371107025721012
152,-0.54905343,-0.45056695,-0.12353984,0.64405185,1.9365501,1.1980149,1.3295234,0,0.0016371107025721012
220,1.4555937,1.7287908,-0.12353984,0.64405185,1.9365501,1.1980149,1.3295234,1,0.46658576700282733
312,1.4555937,1.7287908,4.189481,0.64405185,-0.6016796,-0.62333846,-0.5205895,1,0.9734263737130627
313,1.4555937,1.7287908,4.189481,0.64405185,-0.6016796,-0.62333846,-0.5205895,1,0.9734263737130627
314,1.4555937,1.7287908,4.189481,0.64405185,-0.6016796,-0.62333846,-0.5205895,1,0.9734263737130627
153,-0.54905343,-0.45056695,-0.12353984,0.64405185,1.9365501,1.1980149,1.3295234,0,0.0027132256376504616
154,-0.54905343,-0.45056695,-0.12353984,0.64405185,1.9365501,1.1980149,1.3295234,0,0.0027132256376504616
155,-0.54905343,-0.45056695,-0.12353984,0.64405185,1.9365501,1.1980149,1.3295234,0,0.0027132256376504616
156,-0.54905343,-0.45056695,-0.12353984,0.64405185,1.9365501,-0.62333846,1.3295234,0,0.0008552001221248415
157,-0.54905343,-0.45056695,-0.12353984,0.64405185,1.9365501,1.1980149,1.3295234,0,0.0027132256376504616
158,-0.54905343,-0.45056695,-0.12353984,0.64405185,1.9365501,1.1980149,1.3295234,0,0.0027132256376504616
159,-0.54905343,-0.45056695,-0.12353984,0.64405185,1.9365501,3.0193682,1.3295234,0,0.008573397326645473
160,-0.54905343,-0.45056695,-0.12353984,0.64405185,1.9365501,3.0193682,1.3295234,0,0.008573397326645473
161,-0.54905343,-0.45056695,-0.12353984,0.64405185,1.9365501,1.1980149,1.3295234,0,0.0027132256376504616
162,-0.54905343,-0.45056695,-0.12353984,0.64405185,1.9365501,3.0193682,1.3295234,0,0.008573397326645473
163,-0.54905343,-0.45056695,-0.12353984,0.64405185,1.9365501,1.1980149,1.3295234,0,0.0027132256376504616
164,-0.54905343,-0.45056695,-0.12353984,0.64405185,1.9365501,-0.62333846,1.3295234,0,0.0008552001221248415
165,-0.54905343,-0.45056695,-0.12353984,0.64405185,1.9365501,-0.62333846,1.3295234,0,0.0008552001221248415
166,-0.54905343,-0.45056695,-0.12353984,0.64405185,1.9365501,-0.62333846,1.3295234,0,0.0008552001221248415
167,-0.54905343,-0.45056695,-0.12353984,0.64405185,1.9365501,1.1980149,1.3295234,0,0.0027132256376504616
168,-0.54905343,-0.45056695,-0.12353984,0.64405185,1.9365501,3.0193682,1.3295234,0,0.008573397326645473
169,-0.54905343,-0.45056695,-0.12353984,0.64405185,1.9365501,1.1980149,1.3295234,0,0.0027132256376504616
170,-0.54905343,-0.45056695,-0.12353984,0.64405185,1.9365501,3.0193682,1.3295234,0,0.008573397326645473
171,-0.54905343,-0.45056695,-0.12353984,0.64405185,1.9365501,-0.62333846,1.3295234,0,0.0008552001221248415
172,-0.54905343,-0.45056695,-0.12353984,0.64405185,1.9365501,-0.62333846,1.3295234,0,0.0008552001221248415
173,-0.54905343,-0.45056695,-0.12353984,0.64405185,1.9365501,-0.62333846,1.3295234,0,0.0008552001221248415
174,-0.54905343,-0.45056695,-0.12353984,0.64405185,1.9365501,1.1980149,1.3295234,0,0.0027132256376504616
175,-0.54905343,-0.45056695,-0.12353984,0.64405185,1.9365501,3.0193682,1.3295234,0,0.008573397326645473
176,-0.54905343,-0.45056695,-0.12353984,0.64405185,1.9365501,1.1980149,1.3295234,0,0.0027132256376504616
177,-0.54905343,-0.45056695,-0.12353984,-1.0134008,1.9365501,1.1980149,0.09611485,0,0.005752343803318888
178,-0.54905343,-0.45056695,-0.12353984,-1.0134008,1.9365501,1.1980149,0.09611485,0,0.005752343803318888
179,-0.54905343,-0.45056695,-0.12353984,-1.0134008,1.9365501,-0.62333846,0.09611485,0,0.0018169121773655558
180,-0.54905343,-0.45056695,-0.12353984,-1.0134008,1.9365501,1.1980149,0.09611485,0,0.005752343803318888
181,-0.54905343,-0.45056695,-0.12353984,-1.0134008,1.9365501,-0.62333846,0.09611485,0,0.0018169121773655558
182,-0.54905343,-0.45056695,-0.12353984,-1.0134008,1.9365501,1.1980149,0.09611485,0,0.005752343803318888
183,-0.54905343,-0.45056695,-0.12353984,-1.0134008,1.9365501,-0.62333846,0.09611485,0,0.0018169121773655558
184,-0.54905343,-0.45056695,-0.12353984,-1.0134008,1.9365501,-0.62333846,0.09611485,0,0.0018169121773655558
185,-0.54905343,-0.45056695,-0.12353984,-1.0134008,1.9365501,1.1980149,0.09611485,0,0.005752343803318888
186,-0.54905343,-0.45056695,-0.12353984,-1.0103763,1.9365501,-0.62333846,0.09611485,0,0.001813190625188156
187,-0.54905343,-0.45056695,-0.12353984,-1.0103763,1.9365501,1.1980149,0.09611485,0,0.005740607728022251
188,0.78737795,-0.45056695,-0.12353984,-1.0103763,1.9365501,1.1980149,0.09611485,0,0.12577694067432466
189,-0.54905343,-0.45056695,-0.12353984,-1.0103763,1.9365501,-0.62333846,0.09611485,0,0.001813190625188156
190,-0.54905343,-0.45056695,-0.12353984,-1.0103763,1.9365501,1.1980149,0.09611485,0,0.005740607728022251
191,-0.54905343,-0.45056695,-0.12353984,-1.0103763,1.9365501,1.1980149,0.09611485,0,0.005740607728022251
192,-0.54905343,-0.45056695,-0.12353984,-1.0103763,1.9365501,1.1980149,0.09611485,0,0.005740607728022251
193,-0.54905343,-0.45056695,-0.12353984,-1.0103763,1.9365501,1.1980149,0.09611485,0,0.005740607728022251
194,-0.54905343,-0.45056695,-0.12353984,0.64405185,1.9365501,-0.62333846,1.3295234,0,0.0008552001221248415
195,-0.54905343,-0.45056695,-0.12353984,0.64405185,1.9365501,1.1980149,1.3295234,0,0.0027132256376504616
196,-0.54905343,-0.45056695,-0.12353984,0.64405185,1.9365501,1.1980149,1.3295234,0,0.0027132256376504616
197,0.45327014,-0.45056695,-0.12353984,0.64405185,1.9365501,-0.62333846,1.3295234,0,0.009455916131350451
198,0.78737795,-0.45056695,-0.12353984,0.64405185,1.9365501,1.1980149,1.3295234,0,0.06348911622586198
199,-0.54905343,-0.45056695,-0.12353984,0.64405185,1.9365501,-0.62333846,1.3295234,0,0.0008552001221248415
200,-0.54905343,-0.45056695,-0.12353984,0.64405185,1.9365501,1.1980149,1.3295234,0,0.0027132256376504616
201,-0.54905343,-0.45056695,-0.12353984,0.64405185,1.9365501,-0.62333846,1.3295234,0,0.0008552001221248415
202,-0.54905343,-0.45056695,-0.12353984,0.64405185,1.9365501,-0.62333846,1.3295234,0,0.0008552001221248415
203,-0.54905343,-0.45056695,-0.12353984,0.64405185,1.9365501,-0.62333846,1.3295234,0,0.0008552001221248415
204,-0.54905343,-0.45056695,-0.12353984,0.64405185,1.9365501,-0.62333846,1.3295234,0,0.0008552001221248415
205,-0.54905343,-0.45056695,-0.12353984,0.64405185,1.9365501,1.1980149,1.3295234,0,0.0027132256376504616
206,-0.54905343,-0.45056695,-0.12353984,0.64405185,1.9365501,1.1980149,1.3295234,0,0.0027132256376504616
207,-0.54905343,-0.45056695,-0.12353984,0.64405185,1.9365501,1.1980149,1.3295234,0,0.0027132256376504616
208,-0.54905343,-0.45056695,-0.12353984,0.64405185,1.9365501,1.1980149,1.3295234,0,0.0027132256376504616
209,-0.54905343,-0.45056695,-0.12353984,0.64405185,1.9365501,1.1980149,1.3295234,0,0.0027132256376504616
210,-0.54905343,-0.45056695,-0.12353984,0.64405185,1.9365501,-0.62333846,1.3295234,0,0.0008552001221248415
211,-0.54905343,-0.45056695,-0.12353984,0.64405185,1.9365501,-0.62333846,1.3295234,0,0.0008552001221248415
212,0.45327014,-0.45056695,-0.12353984,0.64405185,1.9365501,-0.62333846,1.3295234,0,0.009455916131350451
213,-0.54905343,-0.45056695,-0.12353984,-0.6202095,1.9365501,-0.62333846,0.09611485,0,0.0013916940964857837
214,-0.54905343,-0.45056695,-0.12353984,-0.6202095,1.9365501,-0.62333846,0.09611485,0,0.0013916940964857837
215,-0.54905343,-0.45056695,-0.12353984,-0.6156727,1.9365501,-0.62333846,0.09611485,0,0.0013874184785064294
216,-0.54905343,-0.45056695,-0.12353984,-0.617185,1.9365501,-0.62333846,0.09611485,0,0.0013888422437256529
217,-0.54905343,-0.45056695,-0.12353984,-0.6186973,1.9365501,-0.62333846,0.09611485,0,0.001390267467974933
218,-0.54905343,-0.45056695,-0.12353984,0.64405185,1.9365501,-0.62333846,1.3295234,0,0.0008552001221248415
221,1.4555937,1.7287908,-0.12353984,-2.3381531,1.9365501,-0.62333846,-1.1372938,0,0.6763547125828775
222,-0.54905343,-0.08734065,-0.3213848,0.64405185,-0.87693924,-0.62333846,0.40446702,0,8.948303166013728e-06
223,-0.54905343,-0.08734065,-0.3213848,-0.4251261,-0.87693924,-0.62333846,0.09611485,0,1.6857825587072615e-05
224,-0.54905343,-0.08734065,-0.3213848,-0.4251261,-0.87693924,-0.62333846,0.09611485,0,1.6857825587072615e-05
225,-0.54905343,-0.08734065,-0.3213848,0.64405185,-0.87693924,-0.62333846,0.40446702,0,8.948303166013728e-06
226,-0.54905343,-0.08734065,-0.3213848,0.64405185,-0.87693924,-0.62333846,0.40446702,0,8.948303166013728e-06
227,-0.54905343,-0.08734065,-0.3213848,0.64405185,-0.87693924,-0.62333846,0.40446702,0,8.948303166013728e-06
228,-0.54905343,-0.08734065,-0.3213848,0.64405185,-0.87693924,-0.62333846,0.40446702,0,8.948303166013728e-06
229,-0.54905343,-0.08734065,-0.3213848,0.64405185,-0.87693924,-0.62333846,0.40446702,0,8.948303166013728e-06
331,3.460241,-0.81379324,4.189481,-1.6757771,-0.31800383,-0.62333846,0.09611485,1,0.9998357513695568
333,3.460241,-0.45056695,4.189481,0.64405185,-0.31800383,-0.62333846,1.9462277,1,0.9996570141435503
334,3.460241,-0.45056695,4.189481,0.64405185,-0.31800383,-0.62333846,1.9462277,1,0.9996570141435503
335,3.460241,-0.45056695,4.189481,0.64405185,-0.31800383,-0.62333846,1.9462277,1,0.9996570141435503
230,-0.54905343,-0.08734065,-0.3213848,0.64405185,-0.87693924,-0.62333846,0.40446702,0,1.2995937031692527e-05
231,-0.54905343,-0.08734065,-0.3213848,0.29017964,-0.87693924,-0.62333846,0.09611485,0,1.4696557746123844e-05
232,-0.54905343,1.7287908,-0.3213848,0.64405185,-0.6115811,-0.62333846,0.40446702,0,9.102454569820688e-05
233,-0.54905343,1.7287908,-0.3213848,0.64405185,-0.6115811,-0.62333846,0.40446702,0,9.102454569820688e-05
234,-0.54905343,1.7287908,-0.3213848,-0.82134205,-0.6115811,3.0193682,-0.5205895,0,0.002280530407430045
235,-0.54905343,-0.08734065,-0.3213848,0.64405185,-0.6115811,-0.62333846,0.40446702,0,1.759745033827321e-05
236,-0.54905343,-0.08734065,-0.3213848,0.64405185,-0.6115811,-0.62333846,0.40446702,0,1.759745033827321e-05
237,-0.54905343,-0.08734065,-0.3213848,0.64405185,-0.6115811,-0.62333846,0.40446702,0,1.759745033827321e-05
238,-0.54905343,-0.08734065,-0.3213848,0.64405185,-0.7591123,-0.62333846,-0.2122373,0,1.1888262919798502e-05
239,-0.54905343,-0.45056695,-0.3213848,0.64405185,-0.7591123,-0.62333846,-0.2122373,0,8.55798873516301e-06
240,-0.54905343,-0.45056695,-0.3213848,0.64405185,-0.541281,-0.62333846,-0.5205895,0,9.814438275542478e-06
241,0.45327014,-0.08734065,-0.3213848,0.64405185,-0.541281,3.0193682,-0.5205895,0,0.0017142441089207877
242,-0.54905343,-0.08734065,-0.3213848,-0.00017705196,-0.84525466,-0.62333846,-0.8289416,0,1.3209791014173113e-05
243,-0.54905343,-0.08734065,-0.3213848,0.64405185,-0.65663254,-0.62333846,-0.5205895,0,1.1950518890836209e-05
244,0.45327014,-0.08734065,-0.3213848,0.64405185,-0.65663254,1.1980149,-0.5205895,0,0.0004128499638495525
245,-0.54905343,-0.45056695,-0.3213848,0.64405185,-0.7303982,-0.62333846,-1.1372938,0,6.322696456464516e-06
246,-0.54905343,-0.45056695,-0.3213848,0.64405185,-0.7303982,-0.62333846,-1.1372938,0,6.322696456464516e-06
247,-0.54905343,-0.45056695,-0.3213848,0.64405185,-0.7303982,-0.62333846,-1.1372938,0,6.322696456464516e-06
248,-0.54905343,1.7287908,-0.3213848,0.64405185,-0.5368253,-0.62333846,-0.2122373,0,7.926954300131237e-05
249,-0.54905343,1.7287908,-0.3213848,0.64405185,-0.5368253,1.1980149,-0.2122373,0,0.0002888255697795917
250,-0.54905343,1.7287908,-0.3213848,0.64405185,-0.5368253,-0.62333846,-0.2122373,0,7.926954300131237e-05
251,-0.54905343,1.7287908,-0.3213848,0.64405185,-0.5368253,1.1980149,-0.2122373,0,0.0002888255697795917
252,-0.54905343,1.7287908,-0.3213848,0.64405185,-0.5368253,1.1980149,-0.2122373,0,0.0002888255697795917
253,-0.54905343,-0.08734065,-0.3213848,0.64405185,-0.5368253,-0.62333846,-0.2122373,0,1.532475231882078e-05
254,-0.54905343,-0.08734065,-0.3213848,0.64405185,-0.5368253,3.0193682,-0.2122373,0,0.00020349434942747459
255,-0.54905343,-0.08734065,-0.3213848,0.64405185,-0.5368253,-0.62333846,-0.2122373,0,1.532475231882078e-05
256,-0.54905343,-0.08734065,-0.3213848,0.64405185,-0.5368253,-0.62333846,-0.2122373,0,1.532475231882078e-05
257,-0.54905343,-1.1770196,-0.3213848,0.64405185,-0.5368253,-0.62333846,-0.2122373,0,5.7168026719742e-06
258,-0.54905343,-1.1770196,-0.3213848,0.64405185,-0.5368253,1.1980149,-0.2122373,0,2.083372592987514e-05
259,-0.54905343,-1.1770196,-0.3213848,0.64405185,-0.5368253,-0.62333846,-0.2122373,0,5.7168026719742e-06
260,-0.54905343,-1.1770196,-0.3213848,0.64405185,-0.5368253,-0.62333846,-0.2122373,0,5.7168026719742e-06
261,-0.54905343,-0.45056695,-0.3213848,0.64405185,-0.5368253,-0.62333846,-0.2122373,0,1.1031820616101904e-05
262,-0.54905343,-0.08734065,-0.3213848,-1.7029979,-0.80663913,-0.62333846,-0.8289416,0,4.273338294654703e-05
263,-0.54905343,-0.45056695,-0.3213848,0.64405185,-1.2091321,-0.62333846,0.40446702,0,6.401201462249159e-06
264,-0.54905343,-0.45056695,-0.3213848,0.64405185,-1.2091321,-0.62333846,0.40446702,0,6.401201462249159e-06
265,-0.54905343,-0.45056695,-0.3213848,0.64405185,-1.2091321,-0.62333846,0.40446702,0,6.401201462249159e-06
266,-0.54905343,-0.08734065,-0.3213848,0.64405185,-1.2091321,-0.62333846,0.40446702,0,8.892186261420413e-06
267,-0.54905343,1.7287908,-0.3213848,-0.47049433,-0.07739926,-0.62333846,-0.2122373,0,0.00028063077587257834
268,-0.54905343,1.7287908,-0.3213848,0.64405185,-0.07739926,-0.62333846,0.09611485,0,0.00014981963007012854
269,-0.54905343,1.7287908,-0.3213848,-0.47049433,-0.07739926,-0.62333846,-0.2122373,0,0.00028063077587257834
270,-0.54905343,1.7287908,-0.3213848,-0.47049433,-0.07739926,-0.62333846,-0.2122373,0,0.00028063077587257834
271,-0.54905343,1.7287908,-0.3213848,-0.47049433,-0.07739926,-0.62333846,-0.2122373,0,0.00028063077587257834
272,-0.54905343,1.7287908,-0.3213848,0.64405185,-0.07739926,-0.62333846,0.09611485,0,0.00014981963007012854
273,-0.54905343,-0.08734065,-0.3213848,0.64405185,-0.07739926,-0.62333846,0.09611485,0,2.8965467933431757e-05
274,-0.54905343,-0.08734065,-0.3213848,0.64253956,-0.07739926,-0.62333846,0.09611485,0,2.899454880123134e-05
275,-0.54905343,-0.08734065,-0.3213848,0.64253956,-0.07739926,-0.62333846,0.09611485,0,2.899454880123134e-05
276,-0.54905343,-0.08734065,-0.3213848,0.64405185,-0.07739926,-0.62333846,0.09611485,0,2.8965467933431757e-05
277,-0.54905343,-0.08734065,-0.3213848,0.64405185,-0.07739926,-0.62333846,0.09611485,0,2.8965467933431757e-05
278,-0.54905343,-0.08734065,-0.3213848,-0.34648788,-0.07739926,-0.62333846,-0.2122373,0,4.9975604557122146e-05
279,1.4555937,1.7287908,-0.3213848,-0.47049433,-0.07739926,-0.62333846,-0.2122373,0,0.024623408274284754
280,1.4555937,1.7287908,-0.3213848,-2.1113122,-0.07739926,-0.62333846,-1.1372938,0,0.050890353082300915
281,1.4555937,1.7287908,-0.3213848,-0.47049433,-0.07739926,-0.62333846,-0.2122373,0,0.024623408274284754
282,1.4555937,1.7287908,-0.3213848,-0.47049433,-0.07739926,-0.62333846,-0.2122373,0,0.024623408274284754
283,1.4555937,1.7287908,-0.3213848,-2.205073,-0.07739926,-0.62333846,-1.4456459,0,0.048546223740884846
284,1.4555937,-0.08734065,-0.3213848,-1.0134008,-0.07739926,-0.62333846,-0.5205895,0,0.006217447040506163
285,1.4555937,1.7287908,-0.3213848,-1.0134008,-0.07739926,-0.62333846,-0.5205895,0,0.03134935160482727
286,1.4555937,1.7287908,-0.3213848,-2.1113122,-0.07739926,-0.62333846,-1.1372938,0,0.050890353082300915
287,1.4555937,1.7287908,-0.3213848,-0.47049433,-0.07739926,-0.62333846,-0.2122373,0,0.024623408274284754
288,1.4555937,1.7287908,-0.3213848,-0.47049433,-0.07739926,-0.62333846,-0.2122373,0,0.024623408274284754
289,1.4555937,1.7287908,-0.3213848,-2.1113122,-0.07739926,-0.62333846,-1.1372938,0,0.050890353082300915
290,1.4555937,1.7287908,-0.3213848,-0.47049433,-0.07739926,-0.62333846,-0.2122373,0,0.024623408274284754
291,1.4555937,1.7287908,-0.3213848,-0.47049433,-0.07739926,-0.62333846,-0.2122373,0,0.024623408274284754
292,1.4555937,-0.45056695,-0.3213848,0.64405185,-0.07739926,-0.62333846,0.09611485,0,0.0018717592236177731
293,-0.54905343,-0.08734065,-0.3213848,0.64405185,-0.6917826,-0.62333846,-0.2122373,0,1.2838676250674909e-05
294,-0.54905343,-0.45056695,-0.3213848,-0.57786584,-0.6917826,-0.62333846,-0.8289416,0,1.6625124061091323e-05
295,-0.54905343,-0.45056695,-0.3213848,-0.98164314,-0.6917826,-0.62333846,-0.8289416,0,2.173327290826793e-05
296,-0.54905343,-0.45056695,-0.3213848,0.64405185,-0.6917826,-0.62333846,-0.2122373,0,9.242164033717867e-06
297,-0.54905343,-0.08734065,-0.3213848,0.64405185,-0.38681874,-0.62333846,-0.2122373,0,1.8189068514110348e-05
298,-0.54905343,-0.45056695,-0.3213848,0.64405185,-0.38681874,-0.62333846,-0.2122373,0,1.3093764770522624e-05
299,-0.54905343,-0.45056695,-0.3213848,0.64405185,-0.7031692,-0.62333846,1.3295234,0,1.595808830608651e-05
300,-0.54905343,1.7287908,-0.3213848,0.45652983,-0.7031692,-0.62333846,1.0211712,0,0.00011611687306125018
301,-0.54905343,1.7287908,-0.3213848,0.45652983,-0.7031692,-0.62333846,1.0211712,0,0.00011611687306125018
302,-0.54905343,-0.08734065,-0.3213848,0.45652983,-0.7031692,1.1980149,1.0211712,0,8.180688983465311e-05
303,-0.54905343,-0.08734065,-0.3213848,0.64405185,-0.7031692,-0.62333846,1.3295234,0,2.216798935245468e-05
304,-0.54905343,-0.45056695,-0.3213848,0.07694894,-0.7031692,1.1980149,0.71281916,0,6.774316511932019e-05
336,3.460241,-0.45056695,4.189481,0.64405185,-0.31800383,-0.62333846,1.9462277,1,0.9994333018456905
337,3.460241,-0.45056695,4.189481,0.64405185,-0.31800383,-0.62333846,1.9462277,1,0.9994333018456905
339,3.460241,-0.45056695,1.0151678,0.64405185,0.088944644,-0.62333846,1.0211712,1,0.7974522668756334
340,3.460241,-0.45056695,1.0151678,0.64405185,0.088944644,-0.62333846,1.0211712,1,0.7974522668756334
305,-0.54905343,-0.45056695,-0.3213848,-0.32531604,-0.7031692,1.1980149,0.40446702,0,9.038008643338656e-05
306,-0.54905343,-0.08734065,-0.3213848,0.64405185,-0.7031692,-0.62333846,1.3295234,0,4.230017585463563e-05
307,1.4555937,-0.08734065,-0.3213848,0.64405185,-0.7031692,1.1980149,1.3295234,0,0.012061393737996789
308,1.4555937,-0.08734065,-0.3213848,0.64405185,-0.7031692,-0.62333846,1.3295234,0,0.003659834184085456
309,-0.54905343,1.7287908,-0.3213848,-0.8530998,-0.53534013,3.0193682,-0.5205895,0,0.001687118928622064
310,-0.54905343,-0.08734065,-0.3213848,0.64405185,-0.53534013,-0.62333846,-0.2122373,0,2.1901523434813206e-05
311,-0.54905343,-0.08734065,4.189481,0.64405185,-0.6016796,-0.62333846,-0.5205895,0,0.060611243905291295
315,-0.54905343,-0.45056695,-0.3213848,-1.2220947,-0.6912875,-0.62333846,-0.8289416,0,1.9847497225871077e-05
316,-0.54905343,-0.45056695,-0.3213848,0.64405185,-0.6912875,-0.62333846,0.09611485,0,1.6142326212756215e-05
317,-0.54905343,-0.08734065,-0.3213848,0.64405185,-0.6912875,-0.62333846,0.09611485,0,2.1979498262314743e-05
318,-0.54905343,-0.08734065,-0.3213848,0.64405185,-0.6912875,-0.62333846,0.09611485,0,2.1979498262314743e-05
319,-0.54905343,-0.08734065,-0.3213848,0.64405185,-0.6912875,1.1980149,0.09611485,0,7.304817357902081e-05
320,-0.54905343,-0.08734065,-0.3213848,0.64405185,-0.6912875,-0.62333846,0.09611485,0,2.1979498262314743e-05
321,-0.54905343,-1.1770196,-0.3213848,0.64405185,-0.6912875,-0.62333846,0.09611485,0,8.706847681238028e-06
322,-0.54905343,-1.1770196,-0.3213848,0.64405185,-0.6912875,1.1980149,0.09611485,0,2.893782779424402e-05
323,-0.54905343,-1.1770196,-0.3213848,0.64405185,-0.6912875,1.1980149,0.09611485,0,2.893782779424402e-05
324,-0.54905343,-0.45056695,-0.3213848,0.64405185,-0.6912875,-0.62333846,0.09611485,0,1.6142326212756215e-05
325,-0.54905343,-0.45056695,-0.3213848,0.64405185,-0.6912875,-0.62333846,0.09611485,0,1.6142326212756215e-05
326,-0.54905343,-0.45056695,-0.3213848,0.64405185,-0.6912875,-0.62333846,0.09611485,0,1.6142326212756215e-05
327,1.4555937,1.7287908,-0.3213848,0.64405185,-0.6912875,-0.62333846,0.09611485,0,0.008853789637744965
328,-0.54905343,1.7287908,-0.3213848,-1.2220947,-0.45662376,-0.62333846,-0.8289416,0,0.00016167468979383384
329,-0.54905343,-0.08734065,-0.3213848,0.64405185,-0.45662376,-0.62333846,-0.2122373,0,2.3782426649581035e-05
330,-0.54905343,-0.81379324,4.189481,0.64405185,-0.31800383,-0.62333846,1.9462277,0,0.15098567321108322
332,-0.54905343,-0.81379324,4.189481,0.64405185,-0.31800383,-0.62333846,1.9462277,0,0.15098567321108322
338,1.4555937,-0.45056695,-0.3213848,-2.4228406,-0.4338505,-0.62333846,-1.1372938,0,0.0030009282797154526
341,-0.54905343,-1.1770196,1.0151678,0.64405185,0.088944644,-0.62333846,1.0211712,0,0.00037153089500853556
342,-0.54905343,-0.81379324,1.0151678,-0.7895843,0.088944644,1.1980149,-0.2122373,0,0.00148362817817307
343,-0.54905343,-0.81379324,1.0151678,-0.7895843,0.088944644,-0.62333846,-0.2122373,0,0.0004468502526927506
344,-0.54905343,-0.08734065,1.0151678,0.64405185,0.088944644,1.1980149,1.0211712,0,0.003108711911916258
345,-0.54905343,-0.08734065,1.0151678,0.64405185,0.088944644,-0.62333846,1.0211712,0,0.0009373712371347272
346,-0.54905343,1.7287908,1.0151678,0.64405185,0.088944644,-0.62333846,1.0211712,0,0.004372068009344729
347,-0.54905343,-0.08734065,1.0151678,0.64405185,0.088944644,-0.62333846,1.0211712,0,0.0009373712371347272
348,-0.54905343,-0.08734065,-0.3213848,0.64405185,-0.37592718,-0.62333846,-0.2122373,0,2.5878438903205865e-05
349,-0.54905343,-0.45056695,-0.3213848,-1.0149131,-0.37592718,1.1980149,-0.8289416,0,8.483181310459489e-05
350,-0.54905343,-0.45056695,-0.3213848,-1.0149131,-0.37592718,1.1980149,-0.8289416,0,8.483181310459489e-05
351,-0.54905343,-0.45056695,-0.3213848,-1.0149131,-0.37592718,1.1980149,-0.8289416,0,8.483181310459489e-05
352,-0.54905343,-0.45056695,-0.3213848,-1.0149131,-0.37592718,1.1980149,-0.8289416,0,8.483181310459489e-05
353,-0.54905343,-0.45056695,-0.3213848,-2.2474167,-0.37592718,-0.62333846,-1.4456459,0,2.9166817496694194e-05
354,-0.54905343,-0.08734065,-0.3213848,-2.4258652,-0.6917826,-0.62333846,-1.4456459,0,3.0529704271267334e-05
355,-0.54905343,-1.1770196,-0.3213848,-2.4258652,-0.6917826,-0.62333846,-1.4456459,0,1.2093945647393425e-05
356,-0.54905343,-1.1770196,-0.3213848,-2.4258652,-0.6917826,-0.62333846,-1.4456459,0,1.2093945647393425e-05
357,-0.54905343,-0.08734065,-0.3213848,0.64405185,-0.43979135,-0.62333846,0.09611485,0,2.8598239427599325e-05
358,-0.54905343,-0.45056695,-0.3213848,0.64405185,-0.43979135,-0.62333846,0.09611485,0,2.10033421107996e-05
359,-0.54905343,-0.45056695,-0.3213848,0.64405185,-0.43979135,-0.62333846,0.09611485,0,2.10033421107996e-05
360,-0.54905343,-0.08734065,-0.3213848,0.64405185,-0.36553067,-0.62333846,-0.8289416,0,1.874131256061735e-05
361,1.4555937,1.7287908,-0.3213848,0.64405185,-0.36553067,-0.62333846,-0.8289416,0,0.007559218509825591
362,-0.54905343,-0.45056695,-0.3213848,0.64405185,-0.7977278,1.1980149,-0.8289416,0,2.9099675989656264e-05
363,-0.54905343,-0.45056695,-0.3213848,0.64405185,-0.7977278,-0.62333846,-0.8289416,0,8.755545747467725e-06
364,-0.54905343,-0.45056695,-0.3213848,0.64405185,-0.7977278,-0.62333846,-0.8289416,0,8.755545747467725e-06
365,1.4555937,1.7287908,-0.3213848,-1.7120717,-0.82347155,-0.62333846,-0.8289416,0,0.011383866315825556
366,1.4555937,1.7287908,-0.3213848,-1.7120717,-0.82347155,-0.62333846,-0.8289416,0,0.011383866315825556
367,1.4555937,1.7287908,-0.3213848,-1.7120717,-0.82347155,-0.62333846,-0.8289416,0,0.011383866315825556
368,1.4555937,1.7287908,-0.3213848,-1.7120717,-0.82347155,-0.62333846,-0.8289416,0,0.011383866315825556
369,1.4555937,1.7287908,-0.3213848,-1.7120717,-0.82347155,-0.62333846,-0.8289416,0,0.011383866315825556
370,1.4555937,1.7287908,-0.3213848,-1.7120717,-0.82347155,-0.62333846,-0.8289416,0,0.011383866315825556
371,1.4555937,1.7287908,-0.3213848,-1.7120717,-0.82347155,-0.62333846,-0.8289416,0,0.011383866315825556
372,1.4555937,1.7287908,-0.3213848,-1.7120717,-0.82347155,-0.62333846,-0.8289416,0,0.011383866315825556
373,1.4555937,1.7287908,-0.3213848,-1.7120717,-0.82347155,-0.62333846,-0.8289416,0,0.011383866315825556
374,1.4555937,1.7287908,-0.3213848,-1.7120717,-0.82347155,-0.62333846,-0.8289416,0,0.011383866315825556
375,1.4555937,1.7287908,-0.3213848,-1.7120717,-0.82347155,-0.62333846,-0.8289416,0,0.011383866315825556
376,1.4555937,1.7287908,-0.3213848,-1.7120717,-0.82347155,-0.62333846,-0.8289416,0,0.011383866315825556
377,1.4555937,1.7287908,-0.3213848,-1.7120717,-0.82347155,-0.62333846,-0.8289416,0,0.011383866315825556
378,1.4555937,1.7287908,-0.3213848,-1.7120717,-0.82347155,-0.62333846,-0.8289416,0,0.011383866315825556
379,1.4555937,1.7287908,-0.3213848,-1.7120717,-0.82347155,-0.62333846,-0.8289416,0,0.011383866315825556
380,1.4555937,1.7287908,-0.3213848,-1.7120717,-0.82347155,-0.62333846,-0.8289416,0,0.011383866315825556
381,1.4555937,1.7287908,-0.3213848,-1.7120717,-0.82347155,-0.62333846,-0.8289416,0,0.011383866315825556
382,1.4555937,1.7287908,-0.3213848,-1.7120717,-0.82347155,-0.62333846,-0.8289416,0,0.011383866315825556
383,-0.54905343,1.7287908,-0.3213848,-2.1687784,-0.6506917,-0.62333846,-1.4456459,0,0.00013530935918888305
384,-0.54905343,-0.45056695,-0.3213848,0.64405185,0.0760728,-0.62333846,-0.5205895,0,2.5817795120171707e-05
385,-0.54905343,-0.45056695,-0.3213848,0.64405185,0.0760728,1.1980149,-0.5205895,0,8.58038676540531e-05
386,-0.54905343,-0.45056695,-0.3213848,0.64405185,0.0760728,1.1980149,-0.5205895,0,8.58038676540531e-05
387,-0.54905343,-0.45056695,-0.3213848,0.64405185,0.0760728,1.1980149,-0.5205895,0,8.58038676540531e-05
388,-0.54905343,-0.45056695,-0.3213848,0.64405185,0.0760728,1.1980149,-0.5205895,0,8.58038676540531e-05
389,-0.54905343,-0.45056695,-0.3213848,0.64405185,0.0760728,1.1980149,-0.5205895,0,8.58038676540531e-05
434,1.4555937,-0.08734065,1.8657014,-2.4062054,-0.36553067,-0.62333846,-1.1372938,1,0.19087135379994408
435,1.4555937,-0.08734065,1.8657014,-2.4062054,-0.36553067,-0.62333846,-1.1372938,1,0.19087135379994408
437,1.4555937,1.7287908,1.8657014,0.64405185,-0.36553067,-0.62333846,0.40446702,1,0.4445611201364684
438,1.4555937,1.7287908,1.8657014,-2.4062054,-0.36553067,-0.62333846,-1.1372938,1,0.52472920262794
439,1.4555937,1.7287908,1.8657014,-2.4062054,-0.36553067,-0.62333846,-1.1372938,1,0.52472920262794
390,-0.54905343,-0.45056695,-0.3213848,0.64405185,0.0760728,1.1980149,-0.5205895,0,8.136565977612427e-05
391,-0.54905343,-0.45056695,-0.3213848,0.64405185,0.0760728,1.1980149,-0.5205895,0,8.136565977612427e-05
392,-0.54905343,-0.45056695,-0.3213848,0.64405185,0.0760728,1.1980149,-0.5205895,0,8.136565977612427e-05
393,-0.54905343,-0.45056695,-0.3213848,0.64405185,0.0760728,1.1980149,-0.5205895,0,8.136565977612427e-05
394,-0.54905343,-0.45056695,-0.3213848,0.64405185,0.0760728,1.1980149,-0.5205895,0,8.136565977612427e-05
395,-0.54905343,-0.45056695,-0.3213848,0.64405185,0.0760728,1.1980149,-0.5205895,0,8.136565977612427e-05
396,-0.54905343,-0.45056695,-0.3213848,0.64405185,0.0760728,1.1980149,-0.5205895,0,8.136565977612427e-05
397,-0.54905343,-0.45056695,-0.3213848,0.64405185,0.0760728,1.1980149,-0.5205895,0,8.136565977612427e-05
398,-0.54905343,-0.45056695,-0.3213848,0.64405185,0.0760728,1.1980149,-0.5205895,0,8.136565977612427e-05
399,-0.54905343,-0.45056695,-0.3213848,0.64405185,0.0760728,1.1980149,-0.5205895,0,8.136565977612427e-05
400,-0.54905343,-0.45056695,-0.3213848,0.64405185,0.0760728,1.1980149,-0.5205895,0,8.136565977612427e-05
401,-0.54905343,-0.45056695,-0.3213848,0.64405185,0.0760728,1.1980149,-0.5205895,0,8.136565977612427e-05
402,-0.54905343,-0.45056695,-0.3213848,0.64405185,0.0760728,1.1980149,-0.5205895,0,8.136565977612427e-05
403,-0.54905343,-0.08734065,-0.3213848,0.64405185,0.0760728,-0.62333846,-0.5205895,0,3.841692319814775e-05
404,-0.54905343,-0.08734065,-0.3213848,0.64405185,0.0760728,-0.62333846,-0.5205895,0,3.841692319814775e-05
405,-0.54905343,-0.08734065,-0.3213848,0.37789154,0.0760728,-0.62333846,-0.8289416,0,3.710895256309319e-05
406,1.4555937,1.7287908,-0.3213848,0.37789154,0.0760728,-0.62333846,-0.8289416,0,0.02244180121553415
407,1.4555937,1.7287908,-0.3213848,0.64405185,0.0760728,-0.62333846,-0.5205895,0,0.023214469188636268
408,1.4555937,1.7287908,-0.3213848,0.64405185,0.0760728,-0.62333846,-0.5205895,0,0.023214469188636268
409,1.4555937,1.7287908,-0.3213848,0.64405185,0.0760728,-0.62333846,-0.5205895,0,0.023214469188636268
410,1.4555937,1.7287908,-0.3213848,0.64405185,0.0760728,-0.62333846,-0.5205895,0,0.023214469188636268
411,1.4555937,1.7287908,-0.3213848,0.64405185,0.0760728,-0.62333846,-0.5205895,0,0.023214469188636268
412,-0.54905343,-0.45056695,-0.3213848,0.64405185,0.0760728,-0.62333846,-0.5205895,0,2.834974492631332e-05
413,1.4555937,1.7287908,-0.3213848,0.64405185,0.0760728,-0.62333846,-0.5205895,0,0.023214469188636268
414,1.4555937,1.7287908,-0.3213848,0.64405185,0.0760728,-0.62333846,-0.5205895,0,0.023214469188636268
415,-0.54905343,-0.08734065,-0.3213848,0.64405185,-1.2838877,-0.62333846,1.0211712,0,1.690873399536007e-05
416,1.4555937,1.7287908,-0.3213848,0.64405185,-0.7932722,-0.62333846,-0.8289416,0,0.008212188255424614
417,1.4555937,1.7287908,-0.3213848,0.64405185,-0.7932722,-0.62333846,-0.8289416,0,0.008212188255424614
418,1.4555937,1.7287908,-0.3213848,0.64405185,-0.7932722,-0.62333846,-0.8289416,0,0.008212188255424614
419,1.4555937,1.7287908,-0.3213848,0.64405185,-0.7932722,-0.62333846,-0.8289416,0,0.008212188255424614
420,1.4555937,1.7287908,-0.3213848,0.64405185,-0.7932722,-0.62333846,-0.8289416,0,0.008212188255424614
421,1.4555937,1.7287908,-0.3213848,0.64405185,-0.7932722,-0.62333846,-0.8289416,0,0.008212188255424614
422,1.4555937,1.7287908,-0.3213848,0.64405185,-0.7932722,-0.62333846,-0.8289416,0,0.008212188255424614
423,1.4555937,1.7287908,-0.3213848,0.64405185,-0.7932722,-0.62333846,-0.8289416,0,0.008212188255424614
424,1.4555937,1.7287908,-0.3213848,0.64405185,-0.7932722,-0.62333846,-0.8289416,0,0.008212188255424614
425,1.4555937,1.7287908,-0.3213848,0.64405185,-0.7932722,-0.62333846,-0.8289416,0,0.008212188255424614
426,-0.54905343,-0.45056695,1.8657014,0.64405185,-0.36553067,1.1980149,0.40446702,0,0.005726751707885395
427,-0.54905343,-0.45056695,1.8657014,0.64405185,-0.36553067,-0.62333846,0.40446702,0,0.0020027048210520364
428,-0.54905343,-0.45056695,1.8657014,0.64405185,-0.36553067,1.1980149,0.40446702,0,0.005726751707885395
429,-0.54905343,-0.45056695,1.8657014,0.64405185,-0.36553067,1.1980149,0.40446702,0,0.005726751707885395
430,-0.54905343,-0.45056695,1.8657014,0.64405185,-0.36553067,1.1980149,0.40446702,0,0.005726751707885395
431,-0.54905343,-0.45056695,1.8657014,0.64405185,-0.36553067,1.1980149,0.40446702,0,0.005726751707885395
432,-0.54905343,-0.45056695,1.8657014,0.64405185,-0.36553067,1.1980149,0.40446702,0,0.005726751707885395
433,-0.54905343,-0.45056695,1.8657014,0.37637928,-0.36553067,1.1980149,-0.2122373,0,0.004882342633782961
436,1.4555937,-0.08734065,1.8657014,0.64405185,-0.36553067,-0.62333846,0.40446702,0,0.26907326126757475
440,1.4555937,-0.08734065,1.8657014,0.64405185,-0.36553067,-0.62333846,0.40446702,0,0.26907326126757475
441,1.4555937,1.7287908,1.8657014,0.64405185,-0.36553067,-0.62333846,0.40446702,1,0.6271760439841292
442,1.4555937,1.7287908,1.8657014,-2.4062054,-0.36553067,-0.62333846,-1.1372938,1,0.7188449481107461
443,1.4555937,1.7287908,1.8657014,-2.4062054,-0.36553067,-0.62333846,-1.1372938,1,0.7188449481107461
444,1.4555937,1.7287908,1.8657014,0.64405185,-0.36553067,-0.62333846,0.40446702,0,0.6271760439841292
445,1.4555937,1.7287908,1.8657014,0.64405185,-0.36553067,-0.62333846,0.40446702,0,0.6271760439841292
446,1.4555937,1.7287908,1.8657014,0.64405185,-0.36553067,-0.62333846,0.40446702,0,0.6271760439841292
447,1.4555937,1.7287908,1.8657014,0.64405185,-0.36553067,-0.62333846,0.40446702,0,0.6271760439841292
448,-0.54905343,-0.45056695,-0.3213848,-2.155168,-0.7081199,1.1980149,-1.1372938,0,7.171472173622371e-05
449,-0.54905343,-0.45056695,-0.3213848,-2.155168,-0.7081199,1.1980149,-1.1372938,0,7.171472173622371e-05
450,-0.54905343,-0.45056695,-0.3213848,-2.155168,-0.7081199,1.1980149,-1.1372938,0,7.171472173622371e-05
451,3.460241,-0.45056695,5.693103,0.64405185,-0.7977278,-0.62333846,-0.8289416,1,0.9999648185294747
452,3.460241,-0.45056695,5.693103,0.64405185,-0.7977278,1.1980149,-0.8289416,1,0.9999877423018152
454,1.4555937,1.7287908,-0.3213848,-2.1143365,-0.84277934,-0.62333846,-1.4456459,0,0.015522332084183877
455,1.4555937,1.7287908,-0.3213848,-2.1143365,-0.84277934,-0.62333846,-1.4456459,0,0.015522332084183877
456,1.4555937,1.7287908,-0.3213848,-2.1143365,-0.84277934,-0.62333846,-1.4456459,0,0.015522332084183877
457,1.4555937,1.7287908,-0.3213848,-2.1143365,-0.84277934,-0.62333846,-1.4456459,0,0.015522332084183877
458,1.4555937,1.7287908,-0.3213848,-2.1143365,-0.84277934,-0.62333846,-1.4456459,0,0.015522332084183877
459,1.4555937,1.7287908,-0.3213848,-2.1143365,-0.84277934,-0.62333846,-1.4456459,0,0.015522332084183877
460,1.4555937,1.7287908,-0.3213848,-2.1143365,-0.84277934,-0.62333846,-1.4456459,0,0.015522332084183877
461,1.4555937,1.7287908,-0.3213848,-2.1143365,-0.84277934,-0.62333846,-1.4456459,0,0.015522332084183877
462,1.4555937,1.7287908,-0.3213848,-2.1143365,-0.84277934,-0.62333846,-1.4456459,0,0.015522332084183877
463,1.4555937,1.7287908,-0.3213848,-2.1143365,-0.84277934,-0.62333846,-1.4456459,0,0.015522332084183877
464,-0.54905343,-0.45056695,-0.3213848,-2.1476066,-0.7937673,1.1980149,-1.4456459,0,5.753627332491289e-05
465,-0.54905343,-0.45056695,-0.3213848,-2.1476066,-0.7937673,-0.62333846,-1.4456459,0,2.0046704585951918e-05
466,-0.54905343,-0.45056695,-0.3213848,-2.1476066,-0.7937673,1.1980149,-1.4456459,0,5.753627332491289e-05
467,-0.54905343,-0.45056695,-0.3213848,0.64405185,-0.7977278,1.1980149,-0.8289416,0,2.821492401730142e-05
468,-0.54905343,-0.45056695,-0.3213848,0.64405185,-0.7977278,-0.62333846,-0.8289416,0,9.830414925245794e-06
469,-0.54905343,-0.45056695,-0.3213848,0.64405185,-0.7977278,-0.62333846,-0.8289416,0,9.830414925245794e-06
470,-0.54905343,-0.45056695,-0.3213848,-1.7997835,-0.7789151,1.1980149,-1.4456459,0,5.186062407607078e-05
471,-0.54905343,-0.45056695,-0.3213848,-1.7997835,-0.7789151,-0.62333846,-1.4456459,0,1.8069136311553393e-05
472,-0.54905343,-0.45056695,-0.3213848,-1.7997835,-0.7789151,1.1980149,-1.4456459,0,5.186062407607078e-05
473,1.4555937,1.7287908,-0.3213848,-1.7997835,-0.7789151,-0.62333846,-1.4456459,0,0.014921556544239479
474,1.4555937,1.7287908,-0.3213848,-1.7997835,-0.7789151,-0.62333846,-1.4456459,0,0.014921556544239479
453,3.460241,-0.45056695,5.693103,0.64405185,-0.7977278,1.1980149,-0.8289416,1,0.99995802161894
475,1.4555937,1.7287908,-0.3213848,-1.7997835,-0.7789151,-0.62333846,-1.4456459,0,0.014834349053911297
476,1.4555937,1.7287908,-0.3213848,-1.7997835,-0.7789151,-0.62333846,-1.4456459,0,0.014834349053911297
477,-0.54905343,-0.45056695,-0.3213848,-0.82890344,-0.79921305,-0.62333846,-0.8289416,0,1.4755962206504588e-05
478,1.4555937,1.7287908,-0.3213848,-0.82890344,-0.79921305,1.1980149,-0.8289416,0,0.03739541191064713
479,1.4555937,1.7287908,-0.3213848,-0.82890344,-0.79921305,-0.62333846,-0.8289416,0,0.010221844763564737
480,-0.54905343,-0.45056695,-0.3213848,0.64405185,-0.75317144,1.1980149,-1.1372938,0,1.623642504818704e-05
481,1.4555937,1.7287908,-0.3213848,0.64405185,-0.75317144,-0.62333846,-1.1372938,0,0.0030117989576238227
482,1.4555937,1.7287908,-0.3213848,0.64405185,-0.75317144,-0.62333846,-1.1372938,0,0.0030117989576238227
483,1.4555937,1.7287908,-0.3213848,0.64405185,-0.75317144,-0.62333846,-1.1372938,0,0.0030117989576238227
484,1.4555937,1.7287908,-0.3213848,-2.424353,-0.84327435,-0.62333846,-1.1372938,0,0.026152484198923277
485,1.4555937,1.7287908,-0.3213848,-2.424353,-0.84327435,-0.62333846,-1.1372938,0,0.026152484198923277
486,1.4555937,1.7287908,-0.3213848,-2.424353,-0.84327435,-0.62333846,-1.1372938,0,0.026152484198923277
487,1.4555937,1.7287908,1.182237,-0.83344024,-0.80218345,-0.62333846,-1.1372938,0,0.1333773906606056
488,1.4555937,1.7287908,1.182237,-0.83344024,-0.80218345,-0.62333846,-1.1372938,0,0.1333773906606056
489,1.4555937,1.7287908,1.182237,-0.83344024,-0.80218345,-0.62333846,-1.1372938,1,0.1333773906606056
490,1.4555937,1.7287908,1.182237,-1.2190702,-0.80218345,-0.62333846,-1.4456459,0,0.1457857579378096
491,-0.54905343,-1.1770196,-0.3213848,-2.4682088,-0.84030396,-0.62333846,-1.7539982,0,1.494897748658096e-05
492,-0.54905343,-0.45056695,-0.3213848,0.64405185,-0.7952525,1.1980149,-1.1372938,0,1.5516518032030834e-05
493,-0.54905343,-0.45056695,-0.3213848,0.64405185,-0.7952525,-0.62333846,-1.1372938,0,4.124964738352418e-06
494,-0.54905343,-0.45056695,-0.3213848,0.64405185,-0.7952525,-0.62333846,-1.1372938,0,4.124964738352418e-06
495,1.4555937,1.7287908,-0.3213848,0.64405185,-0.7952525,-0.62333846,-1.1372938,0,0.0028786411209807935
496,-0.54905343,-0.45056695,-0.3213848,0.64405185,-0.798718,1.1980149,-0.8289416,0,1.857072649061586e-05
497,-0.54905343,-0.45056695,-0.3213848,0.64405185,-0.798718,1.1980149,-0.8289416,0,1.857072649061586e-05
498,-0.54905343,-0.45056695,-0.3213848,0.64405185,-0.798718,1.1980149,-0.8289416,0,1.857072649061586e-05
499,-0.54905343,-0.45056695,-0.3213848,0.64405185,-0.7912919,-0.62333846,-0.8289416,0,4.976587813360141e-06
500,-0.54905343,-0.45056695,-0.3213848,0.64405185,-0.7912919,1.1980149,-0.8289416,0,1.871994982581388e-05
501,-0.54905343,-0.45056695,-0.3213848,0.64405185,-0.7912919,1.1980149,-0.8289416,0,1.871994982581388e-05
502,1.4555937,1.7287908,-0.3213848,0.64405185,-0.7912919,-0.62333846,-0.8289416,0,0.003470893554855947
503,-0.54905343,1.7287908,-0.3213848,-1.2220947,-0.37295675,-0.62333846,-0.2122373,0,0.0002828487161054989
504,-0.54905343,1.7287908,-0.3213848,0.64405185,-0.37295675,-0.62333846,0.40446702,0,0.00010190718888003631
505,-0.54905343,-0.45056695,-0.3213848,0.64405185,-0.37295675,1.1980149,0.40446702,0,6.119614027247272e-05
506,-0.54905343,-0.45056695,-0.3213848,0.64405185,-0.37295675,-0.62333846,0.40446702,0,1.6269138874887284e-05
507,-0.54905343,-0.45056695,-0.3213848,0.64405185,-0.37295675,1.1980149,0.40446702,0,6.119614027247272e-05
508,-0.54905343,-0.45056695,-0.3213848,0.64405185,-0.37295675,-0.62333846,0.40446702,0,1.6269138874887284e-05
509,-0.54905343,-0.45056695,-0.3213848,0.64405185,-0.37295675,1.1980149,0.40446702,0,6.119614027247272e-05
510,-0.54905343,-0.45056695,-0.3213848,0.64405185,-0.37295675,1.1980149,0.40446702,0,6.119614027247272e-05
511,-0.54905343,-0.45056695,-0.3213848,0.64405185,-0.37295675,1.1980149,0.40446702,0,6.119614027247272e-05
512,-0.54905343,-0.45056695,-0.3213848,0.64405185,-0.37295675,1.1980149,0.40446702,0,6.119614027247272e-05
513,-0.54905343,-0.45056695,-0.3213848,0.64405185,-0.37295675,1.1980149,0.40446702,0,6.119614027247272e-05
514,-0.54905343,-0.45056695,-0.3213848,0.64405185,-0.37295675,1.1980149,0.40446702,0,6.119614027247272e-05
515,-0.54905343,-0.45056695,-0.3213848,0.64405185,-0.37295675,1.1980149,0.40446702,0,6.119614027247272e-05
516,-0.54905343,-0.45056695,-0.3213848,0.64405185,-0.37295675,1.1980149,0.40446702,0,6.119614027247272e-05
517,-0.54905343,-0.45056695,-0.3213848,0.64405185,-0.37295675,1.1980149,0.40446702,0,6.119614027247272e-05
518,-0.54905343,-0.45056695,-0.3213848,0.64405185,-0.37295675,-0.62333846,0.40446702,0,1.6269138874887284e-05
519,-0.54905343,-0.45056695,-0.3213848,0.64405185,-0.37295675,1.1980149,0.40446702,0,6.119614027247272e-05
520,-0.54905343,-0.45056695,-0.3213848,0.64405185,-0.37295675,1.1980149,0.40446702,0,6.119614027247272e-05
521,-0.54905343,-0.45056695,-0.3213848,0.64405185,-0.37295675,1.1980149,0.40446702,0,6.119614027247272e-05
522,-0.54905343,-0.45056695,-0.3213848,0.64405185,-0.37295675,1.1980149,0.40446702,0,6.119614027247272e-05
523,-0.54905343,-0.45056695,-0.3213848,0.64405185,-0.37295675,-0.62333846,0.40446702,0,1.6269138874887284e-05
524,-0.54905343,-0.45056695,-0.3213848,0.64405185,-0.37295675,1.1980149,0.40446702,0,6.119614027247272e-05
525,-0.54905343,-0.45056695,-0.3213848,0.64405185,-0.37295675,-0.62333846,0.40446702,0,1.6269138874887284e-05
526,-0.54905343,-0.45056695,-0.3213848,0.64405185,-0.37295675,1.1980149,0.40446702,0,6.119614027247272e-05
527,-0.54905343,-0.45056695,-0.3213848,0.64405185,-0.37295675,-0.62333846,0.40446702,0,1.6269138874887284e-05
528,-0.54905343,-0.45056695,-0.3213848,0.64405185,-0.37295675,1.1980149,0.40446702,0,6.119614027247272e-05
529,-0.54905343,-0.45056695,-0.3213848,0.64405185,-0.37295675,1.1980149,0.40446702,0,6.119614027247272e-05
530,-0.54905343,-0.45056695,-0.3213848,0.64405185,-0.37295675,1.1980149,0.40446702,0,6.119614027247272e-05
531,-0.54905343,-0.45056695,-0.3213848,0.64405185,-0.37295675,1.1980149,0.40446702,0,6.119614027247272e-05
532,-0.54905343,-0.45056695,-0.3213848,0.64405185,-0.37295675,1.1980149,0.40446702,0,6.119614027247272e-05
533,-0.54905343,-0.45056695,-0.3213848,0.64405185,-0.37295675,1.1980149,0.40446702,0,6.119614027247272e-05
534,-0.54905343,-0.45056695,-0.3213848,0.64405185,-0.37295675,-0.62333846,0.40446702,0,1.6269138874887284e-05
535,-0.54905343,-0.45056695,-0.3213848,0.64405185,-0.37295675,-0.62333846,0.40446702,0,1.6269138874887284e-05
536,-0.54905343,-0.45056695,-0.3213848,0.64405185,-0.37295675,1.1980149,0.40446702,0,6.119614027247272e-05
537,-0.54905343,-0.45056695,-0.3213848,0.64405185,-0.37295675,1.1980149,0.40446702,0,6.119614027247272e-05
538,-0.54905343,-0.45056695,-0.3213848,0.64405185,-0.37295675,-0.62333846,0.40446702,0,1.6269138874887284e-05
539,-0.54905343,-1.1770196,-0.3213848,0.64405185,-0.37295675,-0.62333846,0.40446702,0,8.82555353089059e-06
540,1.4555937,1.7287908,-0.3213848,0.64405185,-0.37295675,3.0193682,0.40446702,0,0.13876191570538082
541,1.4555937,1.7287908,-0.3213848,0.64405185,-0.37295675,-0.62333846,0.40446702,0,0.011258277947191551
542,1.4555937,1.7287908,-0.3213848,0.64405185,-0.37295675,-0.62333846,0.40446702,0,0.011258277947191551
543,1.4555937,1.7287908,-0.3213848,0.64405185,-0.37295675,-0.62333846,0.40446702,0,0.011258277947191551
544,1.4555937,1.7287908,-0.3213848,-1.2190702,-0.37295675,-0.62333846,-0.2122373,0,0.030574179454756514
545,1.4555937,1.7287908,-0.3213848,0.64405185,-0.37295675,-0.62333846,0.40446702,0,0.011258277947191551
546,1.4555937,1.7287908,-0.3213848,0.64405185,-0.37295675,-0.62333846,0.40446702,0,0.011258277947191551
547,1.4555937,1.7287908,-0.3213848,0.64405185,-0.37295675,-0.62333846,0.40446702,0,0.011258277947191551
548,-0.54905343,-0.45056695,-0.3213848,-0.82739115,-0.8031736,-0.62333846,-0.8289416,0,1.4676596087595526e-05
549,1.4555937,1.7287908,-0.3213848,-0.82739115,-0.8031736,-0.62333846,-0.8289416,0,0.010167423952890735
587,3.460241,-0.45056695,1.8657014,0.64405185,-0.6506917,1.1980149,-0.5205895,1,0.9559392637439136
588,3.460241,-0.45056695,1.8657014,0.64405185,-0.6506917,-0.62333846,-0.5205895,1,0.8522384171236754
550,1.4555937,1.7287908,-0.3213848,0.358232,-0.861592,-0.62333846,-0.8289416,0,0.004269208367950815
551,1.4555937,1.7287908,-0.3213848,0.358232,-0.85565114,-0.62333846,-1.1372938,0,0.003731892700406482
552,-0.54905343,-0.45056695,-0.3213848,0.122317165,-0.89129627,-0.62333846,-1.1372938,0,5.895117829534152e-06
553,-0.54905343,-0.45056695,-0.3213848,0.64405185,-0.5749458,-0.62333846,-0.2122373,0,9.162134341682498e-06
554,1.4555937,1.7287908,-0.3213848,0.64405185,-0.5749458,-0.62333846,-0.2122373,0,0.006496234109656111
555,-0.54905343,-1.1770196,-0.3213848,-1.2220947,-0.7125756,-0.62333846,-1.4456459,0,8.43681339008937e-06
556,-0.54905343,-1.1770196,-0.3213848,-1.2220947,-0.7125756,-0.62333846,-1.4456459,0,8.43681339008937e-06
557,-0.54905343,-1.1770196,-0.3213848,0.44594392,-0.7125756,-0.62333846,-0.8289416,0,3.6929395689009413e-06
558,-0.54905343,-1.1770196,-0.3213848,-1.2220947,-0.7125756,-0.62333846,-1.4456459,0,8.43681339008937e-06
559,-0.54905343,-1.1770196,-0.3213848,-1.2220947,-0.7125756,-0.62333846,-1.4456459,0,8.43681339008937e-06
560,-0.54905343,-1.1770196,-0.3213848,-1.2220947,-0.7125756,-0.62333846,-1.4456459,0,8.43681339008937e-06
561,-0.54905343,-1.1770196,-0.3213848,-1.2220947,-0.7125756,-0.62333846,-1.4456459,0,8.43681339008937e-06
562,-0.54905343,-1.1770196,-0.3213848,-1.2220947,-0.7125756,-0.62333846,-1.4456459,0,8.43681339008937e-06
563,-0.54905343,-0.45056695,-0.3213848,0.64405185,-0.76059747,-0.62333846,-0.2122373,0,7.406252048200001e-06
564,-0.54905343,-0.45056695,-0.3213848,0.64405185,-0.76059747,-0.62333846,-0.2122373,0,7.406252048200001e-06
565,-0.54905343,-0.45056695,-0.3213848,-1.2220947,-0.6833664,-0.62333846,-1.1372938,0,1.8301202174100865e-05
566,-0.54905343,-1.1770196,-0.3213848,0.64405185,-0.6833664,3.0193682,-0.2122373,0,5.394338984859103e-05
567,-0.54905343,-1.1770196,-0.3213848,0.64405185,-0.6833664,1.1980149,-0.2122373,0,1.548511840291584e-05
568,-0.54905343,-1.1770196,-0.3213848,0.64405185,-0.6833664,3.0193682,-0.2122373,0,5.394338984859103e-05
569,-0.54905343,-1.1770196,-0.3213848,0.64405185,-0.6833664,4.8407216,-0.2122373,0,0.0001878972803868445
570,-0.54905343,-1.1770196,-0.3213848,0.64405185,-0.6833664,-0.62333846,-0.2122373,0,4.445073211669328e-06
571,-0.54905343,-1.1770196,-0.3213848,0.64405185,-0.6833664,-0.62333846,-0.2122373,0,4.445073211669328e-06
572,-0.54905343,-1.1770196,-0.3213848,0.64405185,-0.6833664,-0.62333846,-0.2122373,0,4.445073211669328e-06
573,-0.54905343,-1.1770196,-0.3213848,0.374867,-0.6833664,-0.62333846,-0.5205895,0,4.613793515359153e-06
574,-0.54905343,-1.1770196,-0.3213848,0.374867,-0.6833664,-0.62333846,-0.5205895,0,4.613793515359153e-06
575,-0.54905343,-1.1770196,-0.3213848,0.374867,-0.6833664,-0.62333846,-0.5205895,0,4.613793515359153e-06
576,-0.54905343,1.7287908,-0.3213848,-0.6156727,-0.84277934,-0.62333846,-0.8289416,0,7.078801670499931e-05
577,-0.54905343,-0.45056695,-0.3213848,0.11626807,-0.84277934,1.1980149,-0.5205895,0,2.8949184918552164e-05
578,-0.54905343,-1.1770196,-0.3213848,0.64405185,-0.5293993,-0.62333846,-0.2122373,0,5.302834517597549e-06
579,1.4555937,-1.1770196,-0.3213848,-0.8530998,-0.62247264,-0.62333846,-0.8289416,0,0.001148496283118149
580,1.4555937,1.7287908,-0.3213848,0.27656916,-0.7843609,-0.62333846,0.09611485,0,0.0075126793883221014
581,1.4555937,1.7287908,-0.3213848,0.1797836,-0.7843609,-0.62333846,-0.2122373,0,0.006956612066030144
582,1.4555937,1.7287908,-0.3213848,0.27656916,-0.7843609,-0.62333846,0.09611485,0,0.0075126793883221014
583,1.4555937,1.7287908,-0.3213848,0.27656916,-0.7843609,-0.62333846,0.09611485,0,0.0075126793883221014
584,-0.54905343,-0.08734065,-0.3213848,-0.00017705196,-0.74327,-0.62333846,-0.8289416,0,1.1782826958052447e-05
585,1.4555937,1.7287908,-0.3213848,0.27656916,-0.74327,-0.62333846,-0.5205895,0,0.005939028152294515
586,1.4555937,1.7287908,-0.3213848,-1.4459113,-0.78188556,-0.62333846,-1.7539982,0,0.010092535414231508
589,3.460241,-0.45056695,1.8657014,0.64405185,-0.6506917,1.1980149,-0.5205895,1,0.9633313888609142
590,3.460241,-0.45056695,1.8657014,0.64405185,-0.6506917,1.1980149,-0.5205895,1,0.9633313888609142
591,-0.54905343,-0.45056695,1.8657014,0.64405185,-0.6506917,-0.62333846,-0.5205895,0,0.00053848822430518
592,-0.54905343,-0.45056695,1.8657014,0.64405185,-0.6506917,-0.62333846,-0.5205895,0,0.00053848822430518
593,-0.54905343,-0.81379324,1.8657014,0.64405185,-0.6506917,1.1980149,-0.5205895,0,0.0013892084408148508
594,-0.54905343,-0.81379324,1.8657014,0.64405185,-0.6506917,-0.62333846,-0.5205895,0,0.0003991695091009491
595,-0.54905343,-0.08734065,1.8657014,0.64405185,-0.6506917,-0.62333846,-0.5205895,0,0.0007263968222187491
596,-0.54905343,-0.45056695,1.8657014,0.64405185,-0.6506917,1.1980149,-0.5205895,0,0.0018734243549209841
597,-0.54905343,-0.45056695,1.8657014,0.64405185,-0.6506917,1.1980149,-0.5205895,0,0.0018734243549209841
598,-0.54905343,-0.45056695,-0.3213848,0.64405185,-0.30810243,1.1980149,-0.5205895,0,3.7603091658319415e-05
599,-0.54905343,-0.45056695,-0.3213848,0.64405185,-0.30810243,1.1980149,-0.5205895,0,3.7603091658319415e-05
600,-0.54905343,-0.45056695,-0.3213848,0.64405185,-0.30810243,-0.62333846,-0.5205895,0,1.0794307598363329e-05
601,-0.54905343,-0.45056695,-0.3213848,0.64405185,-0.30810243,-0.62333846,-0.5205895,0,1.0794307598363329e-05
602,-0.54905343,-0.45056695,-0.3213848,0.64405185,-0.30810243,-0.62333846,-0.5205895,0,1.0794307598363329e-05
603,-0.54905343,-0.45056695,-0.3213848,0.64405185,-0.30810243,-0.62333846,-0.5205895,0,1.0794307598363329e-05
604,-0.54905343,-0.45056695,-0.3213848,0.64405185,-0.30810243,-0.62333846,-0.5205895,0,1.0794307598363329e-05
605,-0.54905343,-0.45056695,-0.3213848,0.64405185,-0.30810243,1.1980149,-0.5205895,0,3.7603091658319415e-05
606,-0.54905343,-0.45056695,-0.3213848,0.64405185,-0.30810243,1.1980149,-0.5205895,0,3.7603091658319415e-05
607,-0.54905343,-0.45056695,-0.3213848,0.64405185,-0.30810243,1.1980149,-0.5205895,0,3.7603091658319415e-05
608,-0.54905343,-0.08734065,-0.3213848,0.64405185,-0.30810243,1.1980149,-0.5205895,0,5.07337815776773e-05
609,-0.54905343,-0.08734065,-0.3213848,0.64405185,-0.30810243,3.0193682,-0.5205895,0,0.00017671886792587507
610,-0.54905343,-0.45056695,-0.3213848,0.64405185,-0.30810243,1.1980149,-0.5205895,0,3.7603091658319415e-05
611,-0.54905343,-0.08734065,-0.3213848,0.64405185,-0.7675285,-0.62333846,-0.8289416,0,7.464655946439122e-06
612,-0.54905343,-0.45056695,-0.3213848,0.64405185,-0.7675285,-0.62333846,-0.8289416,0,5.5326251953506405e-06
613,3.460241,-0.45056695,5.693103,0.64405185,-0.66554385,-0.62333846,0.40446702,1,0.999952701570527
614,3.460241,-0.45056695,5.693103,0.64405185,-0.66554385,-0.62333846,0.40446702,1,0.999952701570527
615,-0.54905343,-0.45056695,-0.3213848,0.64405185,-0.27938828,1.1980149,0.40446702,0,5.9474779709544224e-05
616,-0.54905343,-0.45056695,-0.3213848,0.64405185,-0.27938828,1.1980149,0.40446702,0,5.9474779709544224e-05
617,-0.54905343,-0.45056695,-0.3213848,0.64405185,-0.27938828,1.1980149,0.40446702,0,5.9474779709544224e-05
618,-0.54905343,-0.45056695,-0.3213848,0.64405185,-0.27938828,1.1980149,0.40446702,0,5.9474779709544224e-05
619,-0.54905343,-0.45056695,-0.3213848,0.64405185,-0.27938828,1.1980149,0.40446702,0,5.9474779709544224e-05
620,-0.54905343,-0.45056695,-0.3213848,0.64405185,-0.27938828,1.1980149,0.40446702,0,5.9474779709544224e-05
621,-0.54905343,-0.45056695,-0.3213848,0.64405185,-0.27938828,1.1980149,0.40446702,0,5.9474779709544224e-05
622,-0.54905343,-0.45056695,-0.3213848,0.64405185,-0.27938828,-0.62333846,0.40446702,0,1.707303972699746e-05
623,-0.54905343,-0.45056695,-0.3213848,0.64405185,-0.27938828,1.1980149,0.40446702,0,5.9474779709544224e-05
624,-0.54905343,-0.45056695,-0.3213848,0.64405185,-0.27938828,-0.62333846,0.40446702,0,1.707303972699746e-05
625,-0.54905343,-0.08734065,-0.3213848,0.64405185,-0.27938828,-0.62333846,0.40446702,0,2.3034969733438057e-05
626,-0.54905343,-0.08734065,-0.3213848,0.64405185,-0.27938828,1.1980149,0.40446702,0,8.024227010133066e-05
627,-0.54905343,-0.45056695,-0.3213848,0.64405185,-0.27938828,-0.62333846,0.40446702,0,1.707303972699746e-05
628,-0.54905343,-1.1770196,-0.3213848,-0.54610807,-0.27938828,-0.62333846,0.09611485,0,1.796688161689308e-05
629,-0.54905343,-1.1770196,-0.3213848,0.64405185,-0.27938828,-0.62333846,0.40446702,0,9.378975521044274e-06
630,-0.54905343,-1.1770196,-0.3213848,-0.54610807,-0.27938828,-0.62333846,0.09611485,0,1.9396133451174494e-05
631,-0.54905343,-1.1770196,-0.3213848,-0.54610807,-0.27938828,-0.62333846,0.09611485,0,1.9396133451174494e-05
632,-0.54905343,-1.1770196,-0.3213848,-0.54610807,-0.27938828,-0.62333846,0.09611485,0,1.9396133451174494e-05
633,-0.54905343,-1.1770196,-0.3213848,-0.54610807,-0.27938828,-0.62333846,0.09611485,0,1.9396133451174494e-05
634,-0.54905343,-1.1770196,-0.3213848,-0.54610807,-0.27938828,-0.62333846,0.09611485,0,1.9396133451174494e-05
635,-0.54905343,-1.1770196,-0.3213848,-0.54610807,-0.27938828,-0.62333846,0.09611485,0,1.9396133451174494e-05
636,-0.54905343,-1.1770196,-0.3213848,-0.54610807,-0.27938828,-0.62333846,0.09611485,0,1.9396133451174494e-05
637,-0.54905343,-1.1770196,-0.3213848,-0.54610807,-0.27938828,-0.62333846,0.09611485,0,1.9396133451174494e-05
638,-0.54905343,-1.1770196,-0.3213848,-0.54610807,-0.27938828,-0.62333846,0.09611485,0,1.9396133451174494e-05
639,-0.54905343,-1.1770196,-0.3213848,-0.54610807,-0.27938828,-0.62333846,0.09611485,0,1.9396133451174494e-05
640,-0.54905343,-1.1770196,-0.3213848,-0.54610807,-0.27938828,-0.62333846,0.09611485,0,1.9396133451174494e-05
641,-0.54905343,-0.45056695,-0.3213848,0.64405185,-0.7398045,-0.62333846,-0.5205895,0,7.089118058560377e-06
642,-0.54905343,-0.45056695,-0.3213848,0.64405185,-0.7398045,-0.62333846,-0.5205895,0,7.089118058560377e-06
643,-0.54905343,-0.45056695,-0.3213848,0.64405185,-0.7398045,-0.62333846,-0.5205895,0,7.089118058560377e-06
644,-0.54905343,-0.45056695,-0.3213848,0.64405185,-0.7398045,-0.62333846,-0.5205895,0,7.089118058560377e-06
645,-0.54905343,-0.45056695,-0.3213848,0.64405185,-0.7739644,1.1980149,-0.5205895,0,2.4431207616869603e-05
646,-0.54905343,-0.45056695,-0.3213848,0.64405185,-0.77000386,1.1980149,-0.5205895,0,2.4542934758663943e-05
647,-0.54905343,-0.45056695,-0.3213848,0.64405185,-0.6982185,-0.62333846,-0.5205895,0,7.437021491557081e-06
648,-0.54905343,-0.45056695,-0.3213848,0.64405185,-0.7690137,-0.62333846,-0.5205895,0,6.8545332554866105e-06
649,-0.54905343,-0.45056695,-0.3213848,0.64405185,-0.77198416,-0.62333846,-0.5205895,0,6.8311161586662576e-06
650,3.460241,-1.1770196,5.693103,0.64405185,-0.8051539,1.1980149,-0.5205895,1,0.9999572519719432
651,-0.54905343,-0.45056695,-0.3213848,0.64405185,-0.701684,-0.62333846,-0.5205895,0,7.407388908581227e-06
652,1.4555937,1.7287908,-0.3213848,0.30076554,-0.5219732,-0.62333846,-0.5205895,0,0.007648346358408326
653,-0.54905343,-1.1770196,-0.3213848,0.64405185,-1.0992262,-0.62333846,0.40446702,0,3.901825749706608e-06
654,-0.54905343,-1.1770196,-0.3213848,0.64405185,-1.0992262,1.1980149,0.40446702,0,1.3986697657440668e-05
655,-0.54905343,-1.1770196,-0.3213848,0.64405185,-1.0992262,-0.62333846,0.40446702,0,3.901825749706608e-06
656,-0.54905343,-1.1770196,-0.3213848,-1.521525,-1.0992262,1.1980149,-0.2122373,0,4.5353382938013294e-05
657,-0.54905343,-1.1770196,-0.3213848,0.64405185,-1.0992262,-0.62333846,0.40446702,0,3.901825749706608e-06
658,-0.54905343,-0.08734065,-0.3213848,-0.00017705196,-0.31552848,-0.62333846,0.09611485,0,3.024448965433677e-05
659,-0.54905343,-1.1770196,-0.3213848,-0.45839614,-0.31552848,-0.62333846,0.09611485,0,1.7557750269018257e-05
660,-0.54905343,-1.1770196,-0.3213848,-0.45839614,-0.31552848,-0.62333846,0.09611485,0,1.7557750269018257e-05
661,-0.54905343,-1.1770196,-0.3213848,-0.45839614,-0.31552848,-0.62333846,0.09611485,0,1.7557750269018257e-05
662,-0.54905343,-1.1770196,-0.3213848,-0.45839614,-0.31552848,-0.62333846,0.09611485,0,1.7557750269018257e-05
663,-0.54905343,-1.1770196,-0.3213848,-0.45839614,-0.31552848,-0.62333846,0.09611485,0,1.7557750269018257e-05
664,-0.54905343,-1.1770196,-0.3213848,-1.5124514,-0.31552848,-0.62333846,-0.5205895,0,2.7319554018972734e-05
665,-0.54905343,-1.1770196,-0.3213848,-0.45839614,-0.31552848,-0.62333846,0.09611485,0,1.7557750269018257e-05
666,-0.54905343,-1.1770196,-0.3213848,-1.5124514,-0.31552848,-0.62333846,-0.5205895,0,2.7319554018972734e-05
667,-0.54905343,-1.1770196,-0.3213848,-1.5124514,-0.31552848,-0.62333846,-0.5205895,0,2.7319554018972734e-05
668,-0.54905343,-1.1770196,-0.3213848,-1.5124514,-0.31552848,-0.62333846,-0.5205895,0,2.7319554018972734e-05
669,-0.54905343,-1.1770196,-0.3213848,-1.2523402,-0.31552848,-0.62333846,0.09611485,0,2.966529893850613e-05
670,-0.54905343,-1.1770196,-0.3213848,-1.2523402,-0.31552848,-0.62333846,0.09611485,0,2.966529893850613e-05
671,-0.54905343,-1.1770196,-0.3213848,-0.45839614,-0.31552848,-0.62333846,0.09611485,0,1.7557750269018257e-05
672,-0.54905343,-1.1770196,-0.3213848,-0.45839614,-0.31552848,-0.62333846,0.09611485,0,1.7557750269018257e-05
673,-0.54905343,-1.1770196,-0.3213848,-2.067456,-0.67742556,-0.62333846,-1.1372938,0,2.014819623647432e-05
674,-0.54905343,-1.1770196,-0.3213848,-2.067456,-0.67742556,-0.62333846,-1.1372938,0,2.014819623647432e-05
675,-0.54905343,-1.1770196,-0.3213848,-2.067456,-0.67742556,-0.62333846,-1.1372938,0,2.014819623647432e-05
676,-0.54905343,-1.1770196,-0.3213848,-2.067456,-0.67742556,-0.62333846,-1.1372938,0,2.014819623647432e-05
677,-0.54905343,1.7287908,-0.3213848,0.64405185,-0.67742556,-0.62333846,0.09611485,0,5.3392501033607317e-05
678,1.4555937,1.7287908,-0.3213848,-1.3854203,-0.82297647,-0.62333846,-1.7539982,0,0.0098844236113895
679,1.4555937,1.7287908,-0.3213848,-1.3854203,-0.82297647,-0.62333846,-1.7539982,0,0.0098844236113895
680,1.4555937,1.7287908,-0.3213848,-1.3854203,-0.82297647,-0.62333846,-1.7539982,0,0.0098844236113895
681,1.4555937,1.7287908,-0.3213848,-1.3854203,-0.82297647,-0.62333846,-1.7539982,0,0.0098844236113895
682,1.4555937,1.7287908,-0.3213848,-1.3854203,-0.82297647,-0.62333846,-1.7539982,0,0.0098844236113895
683,1.4555937,1.7287908,-0.3213848,-1.3854203,-0.82297647,-0.62333846,-1.7539982,0,0.0098844236113895
684,1.4555937,1.7287908,-0.3213848,-1.3854203,-0.82297647,-0.62333846,-1.7539982,0,0.0098844236113895
685,1.4555937,1.7287908,-0.3213848,-1.3854203,-0.82297647,-0.62333846,-1.7539982,0,0.0098844236113895
686,1.4555937,1.7287908,-0.3213848,-1.3854203,-0.82297647,-0.62333846,-1.7539982,0,0.0098844236113895
687,1.4555937,1.7287908,-0.3213848,-1.3854203,-0.82297647,-0.62333846,-1.7539982,0,0.0098844236113895
688,1.4555937,1.7287908,-0.3213848,-1.3854203,-0.82297647,-0.62333846,-1.7539982,0,0.0098844236113895
689,-0.54905343,-0.45056695,-0.3213848,0.30076554,-0.5219732,-0.62333846,-0.5205895,0,1.1430604575185203e-05
690,-0.54905343,-0.45056695,-0.3213848,-1.2220947,-0.5219732,-0.62333846,-0.8289416,0,2.7527976678479543e-05
691,-0.54905343,-0.45056695,-0.3213848,-1.2220947,-0.5219732,-0.62333846,-0.8289416,0,2.7527976678479543e-05
692,-0.54905343,-0.45056695,-0.3213848,-0.6156727,-0.5219732,-0.62333846,-0.5205895,0,2.094084347019511e-05
693,-0.54905343,-0.45056695,-0.3213848,-1.2220947,-0.5219732,-0.62333846,-0.8289416,0,2.7527976678479543e-05
694,-0.54905343,-0.45056695,-0.3213848,-1.3975185,-0.5219732,-0.62333846,-0.8289416,0,3.091024845531741e-05
695,-0.54905343,-0.45056695,-0.3213848,0.30076554,-0.5219732,-0.62333846,-0.5205895,0,1.1430604575185203e-05
696,-0.54905343,-0.45056695,-0.3213848,0.30076554,-0.5219732,-0.62333846,-0.5205895,0,1.1430604575185203e-05
697,-0.54905343,-0.45056695,-0.3213848,0.30076554,-0.5219732,-0.62333846,-0.5205895,0,1.1430604575185203e-05
698,-0.54905343,-0.45056695,-0.3213848,0.30076554,-0.5219732,-0.62333846,-0.5205895,0,1.1430604575185203e-05
699,-0.54905343,-0.45056695,-0.3213848,0.30076554,-0.5219732,-0.62333846,-0.5205895,0,1.1430604575185203e-05
700,-0.54905343,-0.45056695,-0.3213848,0.30076554,-0.5219732,-0.62333846,-0.5205895,0,1.1430604575185203e-05
701,-0.54905343,-0.45056695,-0.3213848,0.30076554,-0.5219732,-0.62333846,-0.5205895,0,1.1430604575185203e-05
702,-0.54905343,-0.45056695,-0.3213848,0.30076554,-0.5219732,-0.62333846,-0.5205895,0,1.1430604575185203e-05
703,-0.54905343,-0.45056695,-0.3213848,0.30076554,-0.5219732,-0.62333846,-0.5205895,0,1.1430604575185203e-05
704,-0.54905343,-0.45056695,-0.3213848,0.30076554,-0.5219732,-0.62333846,-0.5205895,0,1.1430604575185203e-05
714,1.4555937,1.7287908,5.693103,-2.4999666,-0.79723275,-0.62333846,-1.7539982,1,0.9995896431773525
715,1.4555937,1.7287908,5.693103,-2.4999666,-0.79723275,-0.62333846,-1.7539982,1,0.9995896431773525
776,1.4555937,1.7287908,2.685859,0.64405185,-0.5937585,-0.62333846,0.40446702,1,0.7360891004177704
705,-0.54905343,-0.45056695,-0.3213848,0.30076554,-0.5219732,-0.62333846,-0.5205895,0,1.2845982213159352e-05
706,-0.54905343,-0.45056695,-0.3213848,-0.39790517,-0.5219732,-0.62333846,-0.5205895,0,2.1606315537047553e-05
707,-0.54905343,-0.45056695,-0.3213848,0.30076554,-0.5219732,-0.62333846,-0.5205895,0,1.2845982213159352e-05
708,-0.54905343,-0.45056695,-0.3213848,0.30076554,-0.5219732,-0.62333846,-0.5205895,0,1.2845982213159352e-05
709,-0.54905343,-0.45056695,-0.3213848,0.30076554,-0.5219732,-0.62333846,-0.5205895,0,1.2845982213159352e-05
710,1.4555937,1.7287908,-0.3213848,0.64405185,-0.83139265,-0.62333846,-0.8289416,0,0.0033638883183044815
711,1.4555937,1.7287908,-0.3213848,0.64405185,-0.83139265,-0.62333846,-0.8289416,0,0.0033638883183044815
712,1.4555937,-0.45056695,-0.3213848,0.64405185,-0.83139265,-0.62333846,-0.8289416,0,0.0008584515730296312
713,1.4555937,-0.45056695,-0.3213848,0.64405185,-0.83139265,-0.62333846,-0.8289416,0,0.0008584515730296312
716,1.4555937,-0.45056695,-0.3213848,-2.501479,-0.81109476,-0.62333846,-1.7539982,0,0.006346254700736809
717,1.4555937,1.7287908,-0.3213848,0.64405185,-0.7714891,-0.62333846,-0.5205895,0,0.00404851821994106
718,1.4555937,1.7287908,-0.3213848,0.64405185,-0.7714891,-0.62333846,-0.5205895,0,0.00404851821994106
719,-0.54905343,-0.81379324,-0.3213848,0.64405185,-0.67594033,-0.62333846,0.09611485,0,8.46843835593379e-06
720,-0.54905343,-0.81379324,-0.3213848,0.64405185,-0.67594033,-0.62333846,0.09611485,0,8.46843835593379e-06
721,-0.54905343,-0.81379324,-0.3213848,0.64405185,-0.67594033,-0.62333846,0.09611485,0,8.46843835593379e-06
722,1.4555937,1.7287908,-0.3213848,0.64405185,-0.22493048,-0.62333846,-0.2122373,0,0.008349627282503153
723,1.4555937,1.7287908,-0.3213848,0.64405185,-0.22493048,-0.62333846,-0.2122373,0,0.008349627282503153
724,1.4555937,1.7287908,-0.3213848,0.64405185,-0.22493048,-0.62333846,-0.2122373,0,0.008349627282503153
725,1.4555937,1.7287908,-0.3213848,0.64405185,-0.22493048,-0.62333846,-0.2122373,0,0.008349627282503153
726,1.4555937,1.7287908,-0.3213848,0.64405185,-0.22493048,-0.62333846,-0.2122373,0,0.008349627282503153
727,1.4555937,1.7287908,-0.3213848,0.64405185,-0.22493048,-0.62333846,-0.2122373,0,0.008349627282503153
728,1.4555937,1.7287908,-0.3213848,0.64405185,-0.22493048,-0.62333846,-0.2122373,0,0.008349627282503153
729,1.4555937,1.7287908,-0.3213848,0.64405185,-0.22493048,-0.62333846,-0.2122373,0,0.008349627282503153
730,1.4555937,1.7287908,-0.3213848,0.64405185,-0.22493048,-0.62333846,-0.2122373,0,0.008349627282503153
731,1.4555937,1.7287908,-0.3213848,0.64405185,-0.22493048,-0.62333846,-0.2122373,0,0.008349627282503153
732,1.4555937,1.7287908,-0.3213848,0.64405185,-0.22493048,-0.62333846,-0.2122373,0,0.008349627282503153
733,-0.54905343,-0.45056695,-0.3213848,0.64405185,0.65035534,1.1980149,-0.2122373,0,0.00016968170219953897
734,-0.54905343,-1.1770196,-0.3213848,0.64405185,0.65035534,1.1980149,-0.2122373,0,0.0001075449257400024
735,-0.54905343,-1.1770196,-0.3213848,0.64405185,0.65035534,1.1980149,-0.2122373,0,0.0001075449257400024
736,-0.54905343,-0.45056695,-0.3213848,-2.4545984,0.65035534,1.1980149,-1.7539982,0,0.0009375413094209527
737,-0.54905343,-1.1770196,-0.3213848,0.64405185,0.65035534,1.1980149,-0.2122373,0,0.0001075449257400024
738,-0.54905343,-1.1770196,-0.3213848,0.64405185,0.65035534,1.1980149,-0.2122373,0,0.0001075449257400024
739,-0.54905343,-1.1770196,-0.3213848,0.64405185,0.65035534,3.0193682,-0.2122373,0,0.00044082583811430576
740,-0.54905343,-1.1770196,-0.3213848,0.64405185,0.65035534,3.0193682,-0.2122373,0,0.00044082583811430576
741,-0.54905343,-1.1770196,-0.3213848,0.64405185,0.65035534,1.1980149,-0.2122373,0,0.0001075449257400024
742,-0.54905343,-1.1770196,-0.3213848,0.64405185,0.65035534,1.1980149,-0.2122373,0,0.0001075449257400024
743,-0.54905343,-1.1770196,-0.3213848,0.64405185,0.65035534,3.0193682,-0.2122373,0,0.00044082583811430576
744,-0.54905343,-0.08734065,-0.3213848,0.64405185,0.65035534,1.1980149,-0.2122373,0,0.00021313372159187095
745,-0.54905343,-0.45056695,-0.3213848,0.64405185,0.65035534,1.1980149,-0.2122373,0,0.00016968170219953897
746,-0.54905343,-0.45056695,-0.3213848,0.64405185,0.65035534,-0.62333846,-0.2122373,0,4.138746590518493e-05
747,-0.54905343,-0.45056695,-0.3213848,0.64405185,0.65035534,1.1980149,-0.2122373,0,0.00016968170219953897
748,-0.54905343,-0.45056695,-0.3213848,0.64405185,0.65035534,1.1980149,-0.2122373,0,0.00016968170219953897
749,-0.54905343,-0.45056695,-0.3213848,0.64405185,0.65035534,1.1980149,-0.2122373,0,0.00016968170219953897
750,-0.54905343,1.7287908,-0.3213848,-1.9555478,0.65035534,1.1980149,-1.1372938,0,0.003216966483615877
751,-0.54905343,1.7287908,-0.3213848,-1.9555478,0.65035534,-0.62333846,-1.1372938,0,0.000786470261259597
752,-0.54905343,1.7287908,-0.3213848,-1.9555478,0.65035534,-0.62333846,-1.1372938,0,0.000786470261259597
753,-0.54905343,-0.08734065,-0.3213848,0.64405185,0.65035534,1.1980149,-0.2122373,0,0.00021313372159187095
754,-0.54905343,-0.45056695,-0.3213848,0.64405185,-0.770994,1.1980149,-0.2122373,0,3.4824695218603895e-05
755,1.4555937,1.7287908,-0.3213848,0.64405185,-0.39127436,3.0193682,0.09611485,0,0.11699917880758923
756,-0.54905343,-0.08734065,-0.3213848,0.64405185,-1.3418111,-0.62333846,-0.2122373,0,5.647933896490711e-06
757,1.4555937,1.7287908,-0.3213848,0.64405185,-0.47939706,-0.62333846,0.09611485,0,0.007093210777785874
758,1.4555937,1.7287908,-0.3213848,0.64405185,-0.47939706,1.1980149,0.09611485,0,0.02845885878886673
759,1.4555937,1.7287908,-0.3213848,0.64405185,-0.47939706,1.1980149,0.09611485,0,0.02845885878886673
760,-0.54905343,-0.81379324,-0.3213848,0.55331534,-0.55167747,-0.62333846,-0.2122373,0,9.236279587370644e-06
761,-0.54905343,-0.08734065,-0.3213848,0.55331534,-0.6912875,-0.62333846,-0.2122373,0,1.247409127941463e-05
762,-0.54905343,-0.45056695,-0.3213848,0.55331534,-0.6912875,1.1980149,-0.2122373,0,4.0717632685695484e-05
763,-0.54905343,-0.08734065,-0.3213848,0.64405185,-0.8308976,-0.62333846,-0.5205895,0,8.858490569969979e-06
764,-0.54905343,-0.45056695,-0.3213848,-0.47654343,-0.81802577,-0.62333846,-1.1372938,0,1.2978009528974169e-05
765,-0.54905343,-0.08734065,-0.3213848,0.64405185,-0.6214825,-0.62333846,0.40446702,0,1.599520668534704e-05
766,1.4555937,-0.45056695,-0.3213848,-2.4228406,-0.6214825,-0.62333846,-1.1372938,0,0.009355542610998751
767,-0.54905343,-0.45056695,-0.3213848,0.64405185,-0.85070044,-0.62333846,1.0211712,0,1.2518845262317467e-05
768,-0.54905343,-0.08734065,-0.3213848,-1.2220947,0.5201516,-0.62333846,-0.5205895,0,0.00016004353445148747
769,-0.54905343,-0.08734065,-0.3213848,0.64405185,0.5201516,-0.62333846,0.71281916,0,6.42958459394537e-05
770,1.4555937,-0.45056695,-0.3213848,-2.4228406,0.5201516,-0.62333846,-1.1372938,0,0.03259917897562762
771,-0.54905343,-1.1770196,-0.3213848,0.64405185,-0.83584833,-0.62333846,0.71281916,0,7.160059611505228e-06
772,-0.54905343,-0.45056695,-0.3213848,0.64405185,-0.3511736,-0.62333846,0.40446702,0,1.7209120617836785e-05
773,-0.54905343,-0.08734065,-0.3213848,0.64405185,-0.3511736,-0.62333846,0.40446702,0,2.1616869210656035e-05
774,-0.54905343,-0.08734065,2.685859,-0.9014926,-0.5937585,-0.62333846,-0.5205895,0,0.014572697955009081
775,1.4555937,-0.45056695,2.685859,-2.4228406,-0.5937585,-0.62333846,-1.1372938,0,0.798066109718063
777,1.4555937,1.7287908,2.685859,0.64405185,-0.5937585,-0.62333846,0.40446702,1,0.7419281432330338
778,3.460241,-0.08734065,5.693103,-2.5271876,-0.84773004,-0.62333846,-1.7539982,1,0.9999943661308297
779,3.460241,-0.45056695,5.693103,-0.9014926,-0.84773004,1.1980149,-0.2122373,1,0.9999968111251862
780,3.460241,-0.81379324,5.693103,-2.3169813,-0.84773004,-0.62333846,-1.4456459,1,0.9999907731603811
781,1.4555937,-0.45056695,-0.3213848,-2.4228406,-0.7209918,-0.62333846,-1.1372938,0,0.008381890728312833
782,-0.54905343,-0.08734065,-0.3213848,-0.3449756,-0.83832365,-0.62333846,-0.8289416,0,1.6280259281676465e-05
783,-0.54905343,-0.08734065,-0.3213848,-0.3449756,-0.83832365,-0.62333846,-0.8289416,0,1.6280259281676465e-05
784,-0.54905343,1.7287908,-0.3213848,-0.8848576,-0.7997081,1.1980149,-1.4456459,0,0.0002565727890574372
785,-0.54905343,1.7287908,-0.3213848,-0.8848576,-0.7932722,-0.62333846,-1.1372938,0,7.101477235717922e-05
