,F116,F117,F114,F115,F88,F6,category,1
0,-0.54470265,0.11020995,0.865194,-0.23607753,-1.019698,-0.26468047,0,0.00026858364481708696
1,-0.54470265,0.11020995,0.865194,-0.23607753,-1.0795839,3.404957,0,0.004725529425018343
2,-0.54470265,0.11020995,0.865194,-0.23607753,-1.0795839,-0.26468047,0,0.0002820596471531023
3,-0.54470265,-0.31713596,0.865194,-0.23607753,-0.9564851,-0.26468047,0,0.00015859241418754975
4,1.4852144,-0.31713596,0.865194,-0.23607753,-0.90907544,-0.26468047,0,0.003561305186720941
5,1.4852144,-0.31713596,0.865194,-0.23607753,-0.90907544,-0.26468047,0,0.003561305186720941
6,3.515131,9.51182,0.865194,3.780104,0.5015696,3.404957,1,0.9999992537248106
7,-0.54470265,-0.028049037,0.865194,3.780104,-1.0770886,-0.26468047,0,0.012861314997254378
8,3.515131,1.6486552,0.865194,3.780104,-1.3349305,-0.26468047,1,0.9827464650886436
9,1.4852144,0.91148347,0.865194,-0.23607753,-0.9431771,-0.26468047,0,0.014205108641269037
10,1.4852144,0.91148347,0.865194,-0.23607753,-0.90658015,-0.26468047,0,0.013792081510884744
11,-0.54470265,2.140103,0.865194,-0.23607753,-0.46076313,-0.26468047,0,0.001623222296881262
12,-0.54470265,0.11020995,0.865194,-0.23607753,-1.0346695,-0.26468047,0,0.0002718910733917951
13,-0.54470265,0.11020995,0.865194,-0.23607753,-1.0346695,-0.26468047,0,0.0002718910733917951
14,0.8085752,9.51182,1.0505514,1.2699904,-0.8051069,3.404957,1,0.9998173698957818
15,-0.54470265,-0.028049037,1.0505514,1.2699904,0.189664,-0.26468047,0,0.00043476692893029646
16,0.8085752,-0.028049037,1.0505514,1.2699904,0.189664,3.404957,0,0.05653422959943482
17,0.8085752,0.11020995,1.0505514,1.2699904,-0.9282056,-0.26468047,0,0.010252495294454697
18,-0.54470265,-0.31713596,1.0505514,-0.23607753,0.20796247,-0.26468047,0,6.96236032024251e-05
19,-0.54470265,0.11020995,1.0505514,-0.23607753,-0.41335347,-0.26468047,0,0.000186101471944746
20,-0.54470265,0.11020995,-0.2469495,-0.23607753,0.15140359,-0.26468047,0,4.7587231446563646e-05
21,1.4852144,-0.31713596,-0.2469495,-0.23607753,0.24206413,-0.26468047,0,0.0006431069727140753
22,-0.54470265,0.11020995,-0.2469495,-0.23607753,0.15140359,-0.26468047,0,4.7587231446563646e-05
23,1.4852144,-0.31713596,-0.2469495,-0.23607753,0.5015696,-0.26468047,0,0.0005202097713891362
24,1.4852144,-0.31713596,-0.2469495,-0.23607753,0.14391786,-0.26468047,0,0.0006968102653309051
25,1.4852144,-0.31713596,-0.2469495,-0.23607753,0.3135945,-0.26468047,0,0.0006065917927497097
26,1.4852144,-0.31713596,-0.2469495,-0.23607753,0.5015696,-0.26468047,0,0.0005202097713891362
27,1.4852144,-0.31713596,-0.2469495,-0.23607753,0.21877518,-0.26468047,0,0.0006554634012437014
28,-0.54470265,-0.31713596,-0.2469495,-0.23607753,-1.0438187,-0.26468047,0,7.862122349410193e-05
29,-0.54470265,-0.31713596,-0.2469495,-0.23607753,-0.8051069,-0.26468047,0,6.468032342750229e-05
30,0.4702558,-0.31713596,-0.2469495,-0.23607753,-0.9955772,-0.26468047,0,0.00036568320787916945
31,0.4702558,-0.31713596,-0.2469495,-0.23607753,-0.9955772,-0.26468047,0,0.00036568320787916945
32,-0.54470265,-0.31713596,-0.2469495,2.7760584,-0.97561526,-0.26468047,0,0.0014783903529707037
33,-0.54470265,-0.31713596,-0.2469495,-0.23607753,0.1705338,-0.26468047,0,2.9127861949083256e-05
34,-0.54470265,-0.31713596,-0.2469495,-0.23607753,0.1705338,-0.26468047,0,2.9127861949083256e-05
35,-0.54470265,-0.028049037,-0.2469495,-0.23607753,-2.357149,-0.26468047,0,0.0003172923704943258
36,-0.54470265,-0.028049037,-0.2469495,-0.23607753,0.1755243,-0.26468047,0,4.0008523311995355e-05
37,-0.54470265,-0.028049037,-0.2469495,-0.23607753,0.1755243,-0.26468047,0,4.0008523311995355e-05
38,-0.54470265,-0.028049037,-0.2469495,-0.23607753,-2.357149,-0.26468047,0,0.0003172923704943258
39,-0.54470265,-0.028049037,-0.2469495,-0.23607753,-2.357149,-0.26468047,0,0.0003172923704943258
40,-0.54470265,-0.028049037,-0.2469495,-0.23607753,0.17801954,-0.26468047,0,3.9926976317582244e-05
41,-0.54470265,2.140103,-0.2469495,-0.23607753,-0.8758055,-0.26468047,0,0.001052514193144703
42,1.4852144,-0.31713596,-0.2469495,-0.23607753,0.7868593,-0.26468047,0,0.00041201277406413447
43,1.4852144,-0.31713596,-0.2469495,-0.23607753,0.7868593,-0.26468047,0,0.00041201277406413447
44,1.4852144,-0.31713596,-0.2469495,-0.23607753,0.14391786,-0.26468047,0,0.0006968102653309051
45,1.4852144,-0.31713596,-0.2469495,-0.23607753,0.14391786,-0.26468047,0,0.0006968102653309051
46,1.4852144,-0.31713596,-0.2469495,-0.23607753,0.7868593,-0.26468047,0,0.00041201277406413447
47,1.4852144,-0.31713596,-0.2469495,-0.23607753,0.7868593,-0.26468047,0,0.00041201277406413447
48,1.4852144,-0.31713596,-0.2469495,-0.23607753,0.7868593,-0.26468047,0,0.00041201277406413447
49,-0.54470265,-0.31713596,-0.2469495,-0.23607753,0.7868593,-0.26468047,0,1.7596979024853234e-05
50,-0.54470265,-0.31713596,-0.2469495,-0.23607753,0.7868593,-0.26468047,0,1.7596979024853234e-05
51,-0.54470265,-0.31713596,-0.2469495,-0.23607753,0.7868593,-0.26468047,0,1.7596979024853234e-05
52,-0.54470265,-0.31713596,-0.2469495,-0.23607753,0.7868593,-0.26468047,0,1.7596979024853234e-05
53,-0.54470265,-0.31713596,-0.2469495,-0.23607753,0.7868593,-0.26468047,0,1.7596979024853234e-05
54,-0.54470265,-0.31713596,-0.2469495,-0.23607753,0.7868593,-0.26468047,0,1.7596979024853234e-05
55,-0.54470265,-0.31713596,-0.2469495,-0.23607753,0.7868593,-0.26468047,0,1.7596979024853234e-05
56,-0.54470265,-0.31713596,-0.2469495,-0.23607753,0.7868593,-0.26468047,0,1.7596979024853234e-05
57,-0.54470265,-0.31713596,-0.2469495,-0.23607753,0.7868593,-0.26468047,0,1.7596979024853234e-05
58,-0.54470265,-0.31713596,-0.2469495,-0.23607753,0.7868593,-0.26468047,0,1.7596979024853234e-05
59,-0.54470265,-0.31713596,-0.2469495,-0.23607753,0.7868593,-0.26468047,0,1.7596979024853234e-05
60,-0.54470265,-0.31713596,-0.2469495,-0.23607753,0.7868593,-0.26468047,0,1.7596979024853234e-05
61,-0.54470265,-0.31713596,-0.2469495,-0.23607753,0.7868593,-0.26468047,0,1.7596979024853234e-05
62,-0.54470265,-0.31713596,-0.2469495,-0.23607753,0.7868593,-0.26468047,0,1.7596979024853234e-05
63,-0.54470265,-0.31713596,-0.2469495,-0.23607753,0.7868593,-0.26468047,0,1.7596979024853234e-05
64,-0.54470265,-0.23974264,-0.2469495,-0.23607753,0.7868593,-0.26468047,0,1.9178570941455875e-05
65,-0.54470265,-0.23974264,-0.2469495,-0.23607753,0.7868593,-0.26468047,0,1.9178570941455875e-05
66,-0.54470265,-0.23974264,-0.2469495,-0.23607753,0.7868593,-0.26468047,0,1.9178570941455875e-05
67,-0.54470265,0.11020995,-0.2469495,-0.23607753,-0.8051069,-0.26468047,0,0.000104028235733579
68,-0.54470265,0.11020995,-0.2469495,-0.23607753,-0.8051069,-0.26468047,0,0.000104028235733579
69,-0.54470265,0.11020995,-0.2469495,-0.23607753,-0.8051069,-0.26468047,0,0.000104028235733579
70,1.4852144,1.1390057,-0.2469495,-0.23607753,0.5015696,-0.26468047,0,0.002621442011895717
71,-0.54470265,-0.23974264,-0.2469495,-0.23607753,-1.0446504,-0.26468047,0,8.574541116634555e-05
72,1.4852144,1.1390057,-0.2469495,-0.23607753,0.5015696,-0.26468047,0,0.002621442011895717
73,-0.54470265,-0.31713596,-0.2469495,-0.23607753,-0.88412297,-0.26468047,0,6.899716884986775e-05
74,-0.54470265,0.11020995,-0.2469495,-0.23607753,-1.3074828,-0.26468047,0,0.00015686892581010813
75,1.4852144,0.91148347,-0.2469495,-0.23607753,0.20796247,-0.26468047,0,0.0025878354328654407
76,1.4852144,1.1390057,-0.2469495,-0.23607753,-1.0238568,-0.26468047,0,0.009066693204134176
77,-0.54470265,-0.31713596,-0.2469495,-0.23607753,-0.8051069,-0.26468047,0,6.468032342750229e-05
78,1.4852144,1.1390057,-0.2469495,-0.23607753,-1.0238568,-0.26468047,0,0.009066693204134176
79,-0.54470265,-0.028049037,-0.2469495,-0.23607753,-0.12224159,-0.26468047,0,5.103795325692097e-05
80,-0.54470265,-0.028049037,-0.2469495,-0.23607753,-0.12224159,3.404957,0,0.000858196385182304
81,-0.54470265,-0.028049037,-0.2469495,-0.23607753,-0.12224159,3.404957,0,0.000858196385182304
82,-0.54470265,-0.31713596,-0.2469495,-0.23607753,-0.12224159,-0.26468047,0,6.173653251065244e-05
83,-0.54470265,-0.31713596,1.3100516,-0.23607753,-2.357149,-0.26468047,0,0.0011480154202001644
84,1.4852144,-0.31713596,1.3100516,-0.23607753,-0.8051069,-0.26468047,0,0.006136111844884024
85,1.4852144,-0.31713596,1.3100516,2.7760584,-0.29275,-0.26468047,0,0.06925138347911215
86,3.515131,2.140103,1.3100516,2.7760584,-0.8051069,-0.26468047,1,0.9767139049067121
87,-0.54470265,-0.31713596,-0.2469495,-0.23607753,-2.5068636,-0.26468047,0,0.0005068635247245974
88,-0.54470265,-0.31713596,-0.2469495,-0.23607753,-2.5068636,-0.26468047,0,0.0005068635247245974
89,-0.54470265,-0.31713596,-0.2469495,-0.23607753,-2.5068636,-0.26468047,0,0.0005068635247245974
90,-0.54470265,-0.31713596,-0.2469495,-0.23607753,-2.5068636,-0.26468047,0,0.0005068635247245974
91,-0.54470265,-0.31713596,-0.2469495,-0.23607753,-2.5068636,-0.26468047,0,0.0005068635247245974
92,-0.54470265,-0.31713596,-0.2469495,-0.23607753,-2.5068636,-0.26468047,0,0.0005068635247245974
93,-0.54470265,-0.31713596,-0.2469495,-0.23607753,-2.5068636,-0.26468047,0,0.0005068635247245974
94,-0.54470265,-0.31713596,-0.2469495,-0.23607753,-2.5068636,-0.26468047,0,0.0005068635247245974
95,-0.54470265,-0.31713596,-0.2469495,-0.23607753,-2.5068636,-0.26468047,0,0.0005068635247245974
96,-0.54470265,-0.31713596,-0.2469495,-0.23607753,-2.5068636,-0.26468047,0,0.0005068635247245974
97,3.515131,2.140103,7.538056,5.7881947,-2.651588,-0.26468047,1,0.9999944966169975
98,3.515131,2.140103,7.538056,5.7881947,-2.651588,-0.26468047,1,0.9999944966169975
100,-0.54470265,2.140103,-0.2469495,-0.23607753,-1.0679394,-0.26468047,0,0.0024067844038009665
101,-0.54470265,-0.31713596,-0.2469495,-0.23607753,-2.3854284,-0.26468047,0,0.00045534546928787344
102,-0.54470265,0.11020995,-0.2469495,-0.23607753,-2.5442922,-0.26468047,0,0.0008567843262731095
103,-0.54470265,-0.31713596,-0.2469495,-0.23607753,-2.6000195,-0.26468047,0,0.0005502993331387493
104,-0.54470265,0.11020995,1.0505514,0.7679677,-1.3507338,-0.26468047,0,0.0017560403195032105
105,-0.54470265,0.11020995,1.0505514,0.7679677,-1.3507338,-0.26468047,0,0.0017560403195032105
106,-0.54470265,0.11020995,1.0505514,0.7679677,-1.3507338,-0.26468047,0,0.0017560403195032105
107,1.4852144,1.1390057,1.0505514,0.7679677,-1.3507338,-0.26468047,0,0.1084986508079415
109,1.4852144,-0.31713596,1.0505514,0.7679677,-1.3507338,-0.26468047,0,0.02223854329440266
110,-0.54470265,-0.31713596,-0.2469495,-0.23607753,0.1480766,-0.26468047,0,4.86268807173318e-05
111,-0.54470265,-0.31713596,-0.2469495,-0.23607753,0.1480766,-0.26468047,0,4.86268807173318e-05
112,1.4852144,-0.31713596,-0.003668065,2.7760584,0.24289589,3.404957,0,0.20101369813053788
113,1.4852144,-0.31713596,-0.2469495,-0.23607753,-1.036333,-0.26468047,0,0.0029189216499795586
114,1.4852144,1.1390057,-0.2469495,-0.23607753,-2.2931044,-0.26468047,0,0.04536799667969216
115,1.4852144,1.1390057,-0.2469495,-0.23607753,-2.2931044,-0.26468047,0,0.04536799667969216
116,1.4852144,1.1390057,-0.2469495,-0.23607753,-2.2931044,-0.26468047,0,0.04536799667969216
117,-0.54470265,-0.31713596,0.531551,-0.23607753,-2.5068636,-0.26468047,0,0.0008149554355097472
118,1.4852144,-0.31713596,0.531551,-0.23607753,-1.2226446,-0.26468047,0,0.0055197376952535225
119,0.4702558,-0.31713596,0.531551,-0.23607753,-1.2184858,-0.26468047,0,0.0012009600630156106
120,-0.54470265,0.11020995,0.531551,-0.23607753,-1.2184858,-0.26468047,0,0.00042752939899644315
121,-0.54470265,1.3210233,0.531551,-0.23607753,-1.3682005,-0.26468047,0,0.001965259487051317
122,1.4852144,1.1390057,0.531551,-0.23607753,0.28864205,-0.26468047,0,0.0077582742999922315
123,1.4852144,1.1390057,0.531551,-0.23607753,0.28864205,-0.26468047,0,0.0077582742999922315
124,1.4852144,1.1390057,0.531551,-0.23607753,0.28864205,-0.26468047,0,0.0077582742999922315
126,1.4852144,1.1390057,1.0505514,-0.23607753,-1.3282766,-0.26468047,0,0.042838339306759135
128,-0.54470265,3.3687224,1.0505514,-0.23607753,-1.234289,-0.26468047,0,0.02477198173777839
129,-0.54470265,4.597342,1.0505514,-0.23607753,-1.2184858,-0.26468047,0,0.09349256782239161
130,-0.54470265,-0.31713596,1.0505514,-0.23607753,-1.3682005,-0.26468047,0,0.00040944763459870704
131,-0.54470265,-0.31713596,1.0505514,-0.23607753,-1.3682005,-0.26468047,0,0.00040944763459870704
132,-0.54470265,-0.31713596,0.3091223,-0.23607753,-2.3804379,-0.26468047,0,0.0006364441452274749
133,-0.54470265,-0.31713596,0.3091223,-0.23607753,-2.3804379,-0.26468047,0,0.0006364441452274749
135,-0.54470265,-0.31713596,0.3091223,0.96877676,-2.3829331,-0.26468047,0,0.0020658863840327278
136,0.8085752,-0.31713596,0.3091223,0.96877676,-2.3829331,-0.26468047,0,0.015586590097354693
137,-0.54470265,-0.31713596,0.3091223,0.96877676,-2.3829331,-0.26468047,0,0.0020658863840327278
138,0.8085752,2.140103,0.3091223,0.96877676,-2.3829331,-0.26468047,0,0.21161089792460788
139,1.4852144,1.1390057,-0.2469495,-0.23607753,-1.2184858,-0.26468047,0,0.0180659925611132
140,1.4852144,1.1390057,-0.2469495,-0.23607753,-1.2184858,-0.26468047,0,0.0180659925611132
141,1.4852144,-0.31713596,-0.2469495,-0.23607753,-1.2184858,-0.26468047,0,0.003426572447461765
142,1.4852144,-0.31713596,-0.2469495,-0.23607753,0.1480766,-0.26468047,0,0.0010275541543289953
143,1.4852144,-0.31713596,-0.2469495,-0.23607753,0.24788637,-0.26468047,0,0.0009409437479199486
144,1.4852144,-0.31713596,-0.2469495,-0.23607753,0.7868593,-0.26468047,0,0.0005848081023895424
145,1.4852144,-0.31713596,-0.2469495,-0.23607753,0.7868593,-0.26468047,0,0.0005848081023895424
146,-0.54470265,-0.31713596,-0.2469495,-0.23607753,-0.9914185,-0.26468047,0,0.00013300104920481697
147,1.4852144,-0.31713596,-0.2469495,-0.23607753,0.7868593,-0.26468047,0,0.0005848081023895424
148,-0.54470265,-0.31713596,-0.2469495,-0.23607753,-0.9914185,-0.26468047,0,0.00013300104920481697
149,1.4852144,-0.31713596,-0.2469495,-0.23607753,0.7868593,-0.26468047,0,0.0005848081023895424
150,-0.54470265,-0.31713596,-0.2469495,-0.23607753,-0.9914185,-0.26468047,0,0.00013300104920481697
151,-0.54470265,-0.31713596,-0.2469495,-0.23607753,-0.9914185,-0.26468047,0,0.00013300104920481697
152,1.4852144,-0.31713596,-0.2469495,-0.23607753,0.7868593,-0.26468047,0,0.0005848081023895424
153,1.4852144,-0.31713596,-0.2469495,-0.23607753,0.7868593,-0.26468047,0,0.0005848081023895424
154,1.4852144,-0.31713596,-0.2469495,-0.23607753,0.7868593,-0.26468047,0,0.0005848081023895424
155,1.4852144,-0.31713596,-0.2469495,-0.23607753,0.7868593,-0.26468047,0,0.0005848081023895424
156,-0.54470265,-0.31713596,-0.2469495,-0.23607753,-0.9914185,-0.26468047,0,0.00013300104920481697
157,1.4852144,-0.31713596,-0.2469495,-0.23607753,0.7868593,-0.26468047,0,0.0005848081023895424
158,-0.54470265,-0.31713596,-0.2469495,-0.23607753,-0.9914185,-0.26468047,0,0.00013300104920481697
159,1.4852144,-0.31713596,-0.2469495,-0.23607753,0.7868593,-0.26468047,0,0.0005848081023895424
160,1.4852144,-0.31713596,-0.2469495,-0.23607753,0.7868593,-0.26468047,0,0.0005848081023895424
161,-0.54470265,-0.31713596,-0.2469495,-0.23607753,-0.9914185,-0.26468047,0,0.00013300104920481697
162,1.4852144,-0.31713596,-0.2469495,-0.23607753,0.7868593,-0.26468047,0,0.0005848081023895424
163,1.4852144,-0.31713596,-0.2469495,-0.23607753,0.7868593,-0.26468047,0,0.0005848081023895424
164,-0.54470265,-0.31713596,-0.2469495,-0.23607753,-0.9914185,-0.26468047,0,0.00013300104920481697
165,-0.54470265,-0.31713596,-0.2469495,-0.23607753,-0.9914185,-0.26468047,0,0.00013300104920481697
166,-0.54470265,-0.31713596,-0.2469495,-0.23607753,0.7868593,-0.26468047,0,2.7663156948964563e-05
167,1.4852144,-0.31713596,-0.2469495,-0.23607753,0.7868593,-0.26468047,0,0.0005848081023895424
168,1.4852144,-0.31713596,-0.2469495,-0.23607753,0.7868593,-0.26468047,0,0.0005848081023895424
99,3.515131,2.140103,7.538056,5.7881947,-2.651588,-0.26468047,1,0.9999906014882081
108,1.4852144,1.1390057,1.0505514,0.7679677,-1.3507338,3.404957,1,0.43236946812644683
125,1.4852144,0.91148347,0.531551,5.7881947,-1.224308,-0.26468047,1,0.858130598027873
169,-0.54470265,-0.31713596,-0.2469495,-0.23607753,-0.9914185,-0.26468047,0,7.58326087681538e-05
170,-0.54470265,1.3210233,-0.2469495,-0.23607753,-0.8217419,-0.26468047,0,0.0004005905376838943
171,1.4852144,-0.31713596,-0.2469495,-0.23607753,0.7868593,-0.26468047,0,0.0004078995930064605
172,1.4852144,-0.31713596,-0.2469495,-0.23607753,0.7868593,-0.26468047,0,0.0004078995930064605
173,-0.54470265,-0.31713596,-0.2469495,-0.23607753,-0.9914185,-0.26468047,0,7.58326087681538e-05
174,1.4852144,-0.31713596,-0.2469495,-0.23607753,0.7868593,-0.26468047,0,0.0004078995930064605
175,-0.54470265,-0.31713596,-0.2469495,-0.23607753,-0.9914185,-0.26468047,0,7.58326087681538e-05
176,1.4852144,-0.31713596,-0.2469495,-0.23607753,0.7868593,-0.26468047,0,0.0004078995930064605
177,-0.54470265,-0.31713596,-0.2469495,-0.23607753,-0.9914185,-0.26468047,0,7.58326087681538e-05
178,1.4852144,-0.31713596,-0.2469495,-0.23607753,0.7868593,-0.26468047,0,0.0004078995930064605
179,-0.54470265,-0.31713596,-0.2469495,-0.23607753,-0.9914185,-0.26468047,0,7.58326087681538e-05
180,-0.54470265,1.3210233,-0.2469495,-0.23607753,-0.8217419,-0.26468047,0,0.0004005905376838943
181,1.4852144,-0.31713596,-0.2469495,-0.23607753,0.7868593,-0.26468047,0,0.0004078995930064605
182,1.4852144,-0.31713596,-0.2469495,-0.23607753,0.7868593,-0.26468047,0,0.0004078995930064605
183,1.4852144,-0.31713596,-0.2469495,-0.23607753,0.7868593,-0.26468047,0,0.0004078995930064605
184,1.4852144,-0.31713596,-0.2469495,-0.23607753,0.7868593,-0.26468047,0,0.0004078995930064605
185,1.4852144,-0.31713596,-0.2469495,-0.23607753,0.7868593,-0.26468047,0,0.0004078995930064605
186,-0.54470265,-0.31713596,-0.2469495,-0.23607753,-0.9914185,-0.26468047,0,7.58326087681538e-05
187,1.4852144,-0.31713596,-0.2469495,-0.23607753,0.7868593,-0.26468047,0,0.0004078995930064605
188,-0.54470265,-0.31713596,-0.2469495,-0.23607753,-0.9914185,-0.26468047,0,7.58326087681538e-05
189,1.4852144,-0.31713596,-0.2469495,-0.23607753,0.7868593,-0.26468047,0,0.0004078995930064605
190,-0.54470265,-0.31713596,-0.2469495,-0.23607753,-0.9914185,-0.26468047,0,7.58326087681538e-05
191,-0.54470265,3.3687224,-0.2469495,-0.23607753,0.7868593,-0.26468047,0,0.001077907754059653
192,1.4852144,-0.31713596,-0.2469495,-0.23607753,0.7868593,-0.26468047,0,0.0004078995930064605
193,1.4852144,-0.31713596,-0.2469495,-0.23607753,0.7868593,-0.26468047,0,0.0004078995930064605
194,-0.54470265,3.3687224,-0.2469495,-0.23607753,0.7868593,-0.26468047,0,0.001077907754059653
195,1.4852144,-0.31713596,-0.2469495,-0.23607753,0.7868593,-0.26468047,0,0.0004078995930064605
196,-0.54470265,-0.31713596,-0.2469495,-0.23607753,-0.9914185,-0.26468047,0,7.58326087681538e-05
197,1.4852144,-0.31713596,-0.2469495,-0.23607753,0.7868593,-0.26468047,0,0.0004078995930064605
198,-0.54470265,-0.31713596,-0.2469495,-0.23607753,-0.9914185,-0.26468047,0,7.58326087681538e-05
199,1.4852144,-0.31713596,-0.2469495,-0.23607753,0.7868593,-0.26468047,0,0.0004078995930064605
200,-0.54470265,-0.31713596,-0.2469495,-0.23607753,-0.9914185,-0.26468047,0,7.58326087681538e-05
201,1.4852144,-0.31713596,-0.2469495,-0.23607753,0.7868593,-0.26468047,0,0.0004078995930064605
202,-0.54470265,-0.31713596,-0.2469495,-0.23607753,-0.9914185,-0.26468047,0,7.58326087681538e-05
203,1.4852144,-0.31713596,-0.2469495,-0.23607753,0.7868593,-0.26468047,0,0.0004078995930064605
204,-0.54470265,-0.23974264,-0.2469495,-0.23607753,0.7868593,-0.26468047,0,2.0593902636134847e-05
205,1.4852144,-0.31713596,-0.2469495,-0.23607753,0.7868593,-0.26468047,0,0.0004078995930064605
206,1.4852144,-0.31713596,-0.2469495,-0.23607753,0.7868593,-0.26468047,0,0.0004078995930064605
207,1.4852144,-0.31713596,-0.2469495,-0.23607753,0.7868593,-0.26468047,0,0.0004078995930064605
208,1.4852144,-0.31713596,-0.2469495,-0.23607753,0.7868593,-0.26468047,0,0.0004078995930064605
209,-0.54470265,-0.31713596,-0.2469495,-0.23607753,-0.9914185,-0.26468047,0,7.58326087681538e-05
210,1.4852144,-0.31713596,-0.2469495,-0.23607753,0.7868593,-0.26468047,0,0.0004078995930064605
211,-0.54470265,-0.31713596,-0.2469495,-0.23607753,-0.9914185,-0.26468047,0,7.58326087681538e-05
212,1.4852144,-0.31713596,-0.2469495,-0.23607753,0.7868593,-0.26468047,0,0.0004078995930064605
213,1.4852144,-0.31713596,-0.2469495,-0.23607753,0.7868593,-0.26468047,0,0.0004078995930064605
214,-0.54470265,-0.31713596,-0.2469495,-0.23607753,-0.9914185,-0.26468047,0,7.58326087681538e-05
215,1.4852144,-0.31713596,-0.2469495,-0.23607753,0.7868593,-0.26468047,0,0.0004078995930064605
216,1.4852144,-0.31713596,-0.2469495,-0.23607753,0.7868593,-0.26468047,0,0.0004078995930064605
217,-0.54470265,-0.31713596,-0.2469495,-0.23607753,-0.9914185,-0.26468047,0,7.58326087681538e-05
218,-0.54470265,-0.31713596,-0.2469495,-0.23607753,-0.9914185,-0.26468047,0,7.58326087681538e-05
219,-0.54470265,-0.31713596,-0.2469495,-0.23607753,-0.8217419,-0.26468047,0,6.642361593494126e-05
220,-0.54470265,-0.31713596,-0.2469495,-0.23607753,-0.8217419,-0.26468047,0,6.642361593494126e-05
221,1.4852144,-0.31713596,-0.2469495,-0.23607753,0.7868593,-0.26468047,0,0.0004078995930064605
222,-0.54470265,-0.31713596,-0.2469495,-0.23607753,-0.9914185,-0.26468047,0,7.58326087681538e-05
223,1.4852144,-0.31713596,-0.2469495,-0.23607753,0.7868593,-0.26468047,0,0.0004078995930064605
224,1.4852144,-0.31713596,-0.2469495,-0.23607753,0.7868593,-0.26468047,0,0.0004078995930064605
225,-0.54470265,-0.31713596,-0.2469495,-0.23607753,-0.9914185,-0.26468047,0,7.58326087681538e-05
226,1.4852144,-0.31713596,-0.2469495,-0.23607753,0.7868593,-0.26468047,0,0.0004078995930064605
227,-0.54470265,-0.31713596,-0.2469495,-0.23607753,-0.9914185,-0.26468047,0,7.58326087681538e-05
228,-0.54470265,-0.23974264,-0.2469495,-0.23607753,0.7868593,-0.26468047,0,2.0593902636134847e-05
229,1.4852144,-0.31713596,-0.2469495,-0.23607753,0.7868593,-0.26468047,0,0.0004078995930064605
230,1.4852144,-0.31713596,-0.2469495,-0.23607753,0.7868593,-0.26468047,0,0.0004078995930064605
231,-0.54470265,-0.31713596,-0.2469495,-0.23607753,-0.9914185,-0.26468047,0,7.58326087681538e-05
232,1.4852144,-0.31713596,-0.2469495,-0.23607753,0.7868593,-0.26468047,0,0.0004078995930064605
233,1.4852144,-0.31713596,-0.2469495,-0.23607753,0.7868593,-0.26468047,0,0.0004078995930064605
234,-0.54470265,-0.31713596,-0.2469495,-0.23607753,-0.9914185,-0.26468047,0,7.58326087681538e-05
235,-0.54470265,-0.23974264,-0.2469495,-0.23607753,0.7868593,-0.26468047,0,2.0593902636134847e-05
236,1.4852144,-0.31713596,-0.2469495,-0.23607753,0.7868593,-0.26468047,0,0.0004078995930064605
237,-0.54470265,-0.31713596,-0.2469495,-0.23607753,-0.9914185,-0.26468047,0,7.58326087681538e-05
238,-0.54470265,-0.31713596,-0.2469495,-0.23607753,0.7868593,-0.26468047,0,1.8917523375928244e-05
239,1.4852144,-0.31713596,-0.2469495,-0.23607753,0.7868593,-0.26468047,0,0.0004078995930064605
240,1.4852144,-0.31713596,-0.2469495,-0.23607753,0.7868593,-0.26468047,0,0.0004078995930064605
241,1.4852144,-0.31713596,-0.2469495,-0.23607753,0.7868593,-0.26468047,0,0.0004078995930064605
242,1.4852144,-0.31713596,-0.2469495,-0.23607753,0.7868593,-0.26468047,0,0.0004078995930064605
243,-0.54470265,-0.31713596,-0.2469495,-0.23607753,-0.9914185,-0.26468047,0,7.58326087681538e-05
244,-0.54470265,-0.31713596,-0.2469495,-0.23607753,-0.9914185,-0.26468047,0,7.58326087681538e-05
245,-0.54470265,1.3210233,-0.2469495,-0.23607753,-0.8217419,-0.26468047,0,0.0004005905376838943
246,1.4852144,-0.31713596,-0.2469495,-0.23607753,0.7868593,-0.26468047,0,0.0004078995930064605
247,1.4852144,-0.31713596,-0.2469495,-0.23607753,0.7868593,-0.26468047,0,0.0004078995930064605
127,3.515131,3.3687224,1.0505514,5.7881947,-1.2184858,-0.26468047,1,0.9995796800371541
134,0.8085752,2.140103,0.3091223,0.96877676,-2.3829331,3.404957,1,0.5597003885721267
248,-0.54470265,-0.31713596,-0.2469495,-0.23607753,0.7868593,-0.26468047,0,2.2697785672798816e-05
249,-0.54470265,-0.31713596,-0.2469495,-0.23607753,-0.9914185,-0.26468047,0,7.743772000753646e-05
250,1.4852144,-0.31713596,-0.2469495,-0.23607753,0.7868593,-0.26468047,0,0.0005781141796069194
251,-0.54470265,-0.31713596,-0.2469495,-0.23607753,-0.9914185,-0.26468047,0,7.743772000753646e-05
252,1.4852144,-0.31713596,-0.2469495,-0.23607753,0.7868593,-0.26468047,0,0.0005781141796069194
253,-0.54470265,-0.31713596,-0.2469495,-0.23607753,-0.9914185,-0.26468047,0,7.743772000753646e-05
254,-0.54470265,-0.23974264,-0.2469495,-0.23607753,-0.9847645,-0.26468047,0,8.341521744310774e-05
255,-0.54470265,-0.31713596,-0.2469495,-0.23607753,-1.0355012,-0.26468047,0,7.982964317109417e-05
256,-0.54470265,-0.31713596,-0.2469495,-0.23607753,-1.0355012,-0.26468047,0,7.982964317109417e-05
257,-0.54470265,2.140103,-0.2469495,-0.23607753,-1.2151588,3.404957,0,0.013691370563881896
258,1.4852144,1.1390057,-0.2469495,-0.23607753,-0.9847645,-0.26468047,0,0.008603297433915165
259,-0.54470265,2.140103,-0.2469495,-0.23607753,-1.8946971,-0.26468047,0,0.0017686813068017743
260,-0.54470265,0.11020995,-0.2469495,-0.23607753,-1.2151588,-0.26468047,0,0.000139741249589509
261,-0.54470265,0.11020995,-0.2469495,-0.23607753,-1.2151588,-0.26468047,0,0.000139741249589509
262,-0.54470265,0.11020995,-0.2469495,-0.23607753,-1.2151588,-0.26468047,0,0.000139741249589509
263,-0.54470265,0.11020995,-0.2469495,-0.23607753,-1.2151588,-0.26468047,0,0.000139741249589509
264,1.4852144,-0.31713596,-0.2469495,-0.23607753,-1.6651347,-0.26468047,0,0.003132018264539605
265,-0.54470265,0.11020995,-0.2469495,-0.23607753,-1.6360234,-0.26468047,0,0.00018683036410784142
266,-0.54470265,0.11020995,-0.2469495,-0.23607753,-1.6360234,-0.26468047,0,0.00018683036410784142
267,-0.54470265,0.11020995,-0.2469495,-0.23607753,-1.6360234,-0.26468047,0,0.00018683036410784142
268,-0.54470265,-0.31713596,-0.2469495,-0.23607753,-1.1544412,-0.26468047,0,8.66583498179113e-05
269,-0.54470265,-0.31713596,-0.2469495,-0.23607753,-1.1544412,-0.26468047,0,8.66583498179113e-05
270,1.4852144,1.1390057,-0.2469495,-0.23607753,-0.95981205,-0.26468047,0,0.008457653240723374
271,1.4852144,1.1390057,-0.2469495,-0.23607753,-0.95981205,-0.26468047,0,0.008457653240723374
272,1.4852144,1.1390057,-0.2469495,-0.23607753,-0.95981205,-0.26468047,0,0.008457653240723374
273,-0.54470265,-0.31713596,-0.2469495,-0.23607753,-1.6551536,-0.26468047,0,0.0001224251068082382
274,-0.54470265,-0.31713596,-0.2469495,-0.23607753,-1.1502825,-0.26468047,0,8.641000875068474e-05
275,1.4852144,0.91148347,-0.2469495,-0.23607753,-1.1544412,-0.26468047,0,0.00767576914486029
276,1.4852144,0.91148347,-0.2469495,-0.23607753,-1.1544412,-0.26468047,0,0.00767576914486029
277,1.4852144,-0.31713596,-0.2469495,-0.23607753,-1.1544412,-0.26468047,0,0.002203744994081008
278,-0.54470265,2.140103,-0.2469495,-0.23607753,-0.9539898,-0.26468047,0,0.0009248341214430861
279,-0.54470265,-0.028049037,-0.2469495,-0.23607753,-0.9431771,-0.26468047,0,0.00010059247019202708
280,-0.54470265,-0.31713596,-0.2469495,-0.23607753,0.7868593,-0.26468047,0,2.2697785672798816e-05
281,-0.54470265,-0.31713596,-0.2469495,-0.23607753,0.7868593,-0.26468047,0,2.2697785672798816e-05
282,-0.54470265,-0.31713596,-0.2469495,-0.23607753,0.7868593,-0.26468047,0,2.2697785672798816e-05
283,-0.54470265,-0.31713596,-0.2469495,-0.23607753,0.7868593,-0.26468047,0,2.2697785672798816e-05
284,-0.54470265,-0.31713596,-0.2469495,-0.23607753,0.7868593,-0.26468047,0,2.2697785672798816e-05
285,-0.54470265,-0.31713596,-0.2469495,-0.23607753,0.7868593,-0.26468047,0,2.2697785672798816e-05
286,-0.54470265,-0.31713596,-0.2469495,-0.23607753,0.7868593,-0.26468047,0,2.2697785672798816e-05
287,-0.54470265,-0.31713596,-0.2469495,-0.23607753,0.7868593,-0.26468047,0,2.2697785672798816e-05
288,-0.54470265,-0.31713596,-0.2469495,-0.23607753,0.7868593,-0.26468047,0,2.2697785672798816e-05
289,-0.54470265,-0.31713596,-0.2469495,-0.23607753,0.7868593,-0.26468047,0,2.2697785672798816e-05
290,-0.54470265,-0.31713596,-0.2469495,-0.23607753,0.7868593,-0.26468047,0,2.2697785672798816e-05
291,-0.54470265,-0.31713596,-0.2469495,-0.23607753,0.7868593,-0.26468047,0,2.2697785672798816e-05
292,-0.54470265,-0.31713596,-0.2469495,-0.23607753,0.7868593,-0.26468047,0,2.2697785672798816e-05
293,-0.54470265,-0.31713596,-0.2469495,-0.23607753,0.7868593,-0.26468047,0,2.2697785672798816e-05
294,-0.54470265,-0.31713596,-0.2469495,-0.23607753,0.7868593,-0.26468047,0,2.2697785672798816e-05
295,-0.54470265,-0.31713596,-0.2469495,-0.23607753,0.7868593,-0.26468047,0,2.2697785672798816e-05
296,-0.54470265,-0.31713596,-0.2469495,-0.23607753,0.7868593,-0.26468047,0,2.2697785672798816e-05
297,-0.54470265,-0.31713596,-0.2469495,-0.23607753,0.7868593,-0.26468047,0,2.2697785672798816e-05
298,-0.54470265,-0.31713596,-0.2469495,-0.23607753,0.7868593,-0.26468047,0,2.2697785672798816e-05
299,-0.54470265,-0.31713596,-0.2469495,-0.23607753,0.7868593,-0.26468047,0,2.2697785672798816e-05
300,-0.54470265,-0.31713596,-0.2469495,-0.23607753,0.7868593,-0.26468047,0,2.2697785672798816e-05
301,-0.54470265,-0.31713596,-0.2469495,-0.23607753,0.7868593,-0.26468047,0,2.2697785672798816e-05
302,-0.54470265,-0.31713596,-0.2469495,-0.23607753,0.7868593,-0.26468047,0,2.2697785672798816e-05
303,-0.54470265,-0.31713596,-0.2469495,-0.23607753,0.7868593,-0.26468047,0,2.2697785672798816e-05
304,-0.54470265,-0.31713596,-0.2469495,-0.23607753,0.7868593,-0.26468047,0,2.2697785672798816e-05
305,-0.54470265,-0.31713596,-0.2469495,-0.23607753,0.7868593,-0.26468047,0,2.2697785672798816e-05
306,-0.54470265,-0.31713596,-0.2469495,-0.23607753,0.7868593,-0.26468047,0,2.2697785672798816e-05
307,-0.54470265,-0.31713596,-0.2469495,-0.23607753,0.7868593,-0.26468047,0,2.2697785672798816e-05
308,-0.54470265,-0.31713596,-0.2469495,-0.23607753,0.7868593,-0.26468047,0,2.2697785672798816e-05
309,-0.54470265,-0.31713596,-0.2469495,-0.23607753,0.7868593,-0.26468047,0,2.2697785672798816e-05
310,-0.54470265,-0.31713596,-0.2469495,-0.23607753,0.7868593,-0.26468047,0,2.2697785672798816e-05
311,-0.54470265,-0.31713596,-0.2469495,-0.23607753,0.7868593,-0.26468047,0,2.2697785672798816e-05
312,-0.54470265,-0.31713596,-0.2469495,-0.23607753,0.7868593,-0.26468047,0,2.2697785672798816e-05
313,-0.54470265,-0.31713596,-0.2469495,-0.23607753,0.7868593,-0.26468047,0,2.2697785672798816e-05
314,-0.54470265,-0.31713596,-0.2469495,-0.23607753,0.7868593,-0.26468047,0,2.2697785672798816e-05
315,-0.54470265,-0.31713596,-0.2469495,-0.23607753,0.7868593,-0.26468047,0,2.2697785672798816e-05
316,-0.54470265,-0.31713596,-0.2469495,-0.23607753,0.7868593,-0.26468047,0,2.2697785672798816e-05
317,-0.54470265,-0.31713596,-0.2469495,-0.23607753,0.7868593,-0.26468047,0,2.2697785672798816e-05
318,-0.54470265,-0.31713596,-0.2469495,-0.23607753,0.7868593,-0.26468047,0,2.2697785672798816e-05
319,-0.54470265,-0.31713596,-0.2469495,-0.23607753,0.7868593,-0.26468047,0,2.2697785672798816e-05
320,-0.54470265,-0.31713596,-0.2469495,-0.23607753,0.7868593,-0.26468047,0,2.2697785672798816e-05
321,-0.54470265,-0.31713596,-0.2469495,-0.23607753,0.7868593,-0.26468047,0,2.2697785672798816e-05
322,-0.54470265,-0.31713596,-0.2469495,-0.23607753,0.7868593,-0.26468047,0,2.2697785672798816e-05
323,-0.54470265,-0.31713596,-0.2469495,-0.23607753,0.7868593,-0.26468047,0,2.2697785672798816e-05
324,-0.54470265,-0.31713596,-0.2469495,-0.23607753,0.7868593,-0.26468047,0,2.2697785672798816e-05
325,-0.54470265,-0.31713596,-0.2469495,-0.23607753,0.7868593,-0.26468047,0,2.2697785672798816e-05
326,-0.54470265,-0.31713596,-0.2469495,-0.23607753,0.7868593,-0.26468047,0,2.2697785672798816e-05
621,1.4852144,1.1390057,3.645553,4.282127,-1.0421551,-0.26468047,1,0.9029516011353852
327,-0.54470265,-0.31713596,-0.2469495,-0.23607753,0.7868593,-0.26468047,0,1.616856418940777e-05
328,-0.54470265,-0.31713596,-0.2469495,-0.23607753,0.7868593,-0.26468047,0,1.616856418940777e-05
329,-0.54470265,-0.31713596,-0.2469495,-0.23607753,0.7868593,-0.26468047,0,1.616856418940777e-05
330,-0.54470265,-0.31713596,-0.2469495,-0.23607753,0.7868593,-0.26468047,0,1.616856418940777e-05
331,-0.54470265,-0.31713596,-0.2469495,-0.23607753,0.7868593,-0.26468047,0,1.616856418940777e-05
332,-0.54470265,-0.31713596,-0.2469495,-0.23607753,0.7868593,-0.26468047,0,1.616856418940777e-05
333,-0.54470265,-0.31713596,-0.2469495,-0.23607753,0.7868593,3.404957,0,0.0002882292324085407
334,-0.54470265,-0.31713596,-0.2469495,-0.23607753,0.7868593,-0.26468047,0,1.616856418940777e-05
335,-0.54470265,-0.31713596,-0.2469495,-0.23607753,0.7868593,-0.26468047,0,1.616856418940777e-05
336,-0.54470265,-0.31713596,-0.2469495,-0.23607753,0.7868593,3.404957,0,0.0002882292324085407
337,-0.54470265,-0.31713596,-0.2469495,-0.23607753,0.7868593,3.404957,0,0.0002882292324085407
338,-0.54470265,-0.31713596,-0.2469495,-0.23607753,0.7868593,3.404957,0,0.0002882292324085407
339,-0.54470265,-0.31713596,-0.2469495,-0.23607753,0.7868593,3.404957,0,0.0002882292324085407
340,-0.54470265,-0.31713596,-0.2469495,-0.23607753,0.7868593,3.404957,0,0.0002882292324085407
341,-0.54470265,-0.31713596,-0.2469495,-0.23607753,0.7868593,3.404957,0,0.0002882292324085407
342,-0.54470265,-0.31713596,-0.2469495,-0.23607753,0.7868593,-0.26468047,0,1.616856418940777e-05
343,-0.54470265,-0.31713596,-0.2469495,-0.23607753,0.7868593,-0.26468047,0,1.616856418940777e-05
344,-0.54470265,-0.31713596,-0.2469495,-0.23607753,0.7868593,-0.26468047,0,1.616856418940777e-05
345,-0.54470265,-0.31713596,-0.2469495,-0.23607753,0.7868593,-0.26468047,0,1.616856418940777e-05
346,-0.54470265,-0.31713596,-0.2469495,-0.23607753,0.7868593,-0.26468047,0,1.616856418940777e-05
347,-0.54470265,-0.31713596,-0.2469495,-0.23607753,0.7868593,-0.26468047,0,1.616856418940777e-05
348,-0.54470265,-0.31713596,-0.2469495,-0.23607753,0.7868593,-0.26468047,0,1.616856418940777e-05
349,-0.54470265,-0.31713596,-0.2469495,-0.23607753,0.7868593,-0.26468047,0,1.616856418940777e-05
350,-0.54470265,-0.31713596,-0.2469495,-0.23607753,0.7868593,-0.26468047,0,1.616856418940777e-05
351,-0.54470265,-0.31713596,-0.2469495,-0.23607753,0.7868593,-0.26468047,0,1.616856418940777e-05
352,-0.54470265,-0.31713596,-0.2469495,-0.23607753,0.7868593,-0.26468047,0,1.616856418940777e-05
353,-0.54470265,-0.31713596,-0.2469495,-0.23607753,0.7868593,-0.26468047,0,1.616856418940777e-05
354,-0.54470265,-0.31713596,-0.2469495,-0.23607753,0.7868593,-0.26468047,0,1.616856418940777e-05
355,-0.54470265,-0.31713596,-0.2469495,-0.23607753,0.7868593,-0.26468047,0,1.616856418940777e-05
356,-0.54470265,-0.31713596,-0.2469495,-0.23607753,0.7868593,-0.26468047,0,1.616856418940777e-05
357,-0.54470265,-0.31713596,-0.2469495,-0.23607753,0.7868593,-0.26468047,0,1.616856418940777e-05
358,-0.54470265,-0.31713596,-0.2469495,-0.23607753,0.7868593,-0.26468047,0,1.616856418940777e-05
359,-0.54470265,-0.31713596,-0.2469495,-0.23607753,0.7868593,-0.26468047,0,1.616856418940777e-05
360,-0.54470265,-0.31713596,-0.2469495,-0.23607753,0.7868593,-0.26468047,0,1.616856418940777e-05
361,-0.54470265,-0.31713596,-0.2469495,-0.23607753,0.7868593,-0.26468047,0,1.616856418940777e-05
362,-0.54470265,-0.31713596,-0.2469495,-0.23607753,0.7868593,-0.26468047,0,1.616856418940777e-05
363,-0.54470265,-0.31713596,-0.2469495,-0.23607753,0.7868593,-0.26468047,0,1.616856418940777e-05
364,-0.54470265,-0.31713596,-0.2469495,-0.23607753,0.7868593,-0.26468047,0,1.616856418940777e-05
365,-0.54470265,-0.31713596,-0.2469495,-0.23607753,0.7868593,-0.26468047,0,1.616856418940777e-05
366,-0.54470265,-0.31713596,-0.2469495,-0.23607753,0.7868593,-0.26468047,0,1.616856418940777e-05
367,-0.54470265,-0.31713596,-0.2469495,-0.23607753,0.7868593,-0.26468047,0,1.616856418940777e-05
368,-0.54470265,-0.31713596,-0.2469495,-0.23607753,0.7868593,-0.26468047,0,1.616856418940777e-05
369,-0.54470265,-0.31713596,-0.2469495,-0.23607753,0.7868593,-0.26468047,0,1.616856418940777e-05
370,-0.54470265,-0.31713596,-0.2469495,-0.23607753,0.7868593,-0.26468047,0,1.616856418940777e-05
371,-0.54470265,-0.31713596,-0.2469495,-0.23607753,0.7868593,-0.26468047,0,1.616856418940777e-05
372,-0.54470265,-0.31713596,-0.2469495,-0.23607753,0.7868593,-0.26468047,0,1.616856418940777e-05
373,-0.54470265,-0.31713596,-0.2469495,-0.23607753,0.7868593,-0.26468047,0,1.616856418940777e-05
374,-0.54470265,-0.31713596,-0.2469495,-0.23607753,0.7868593,-0.26468047,0,1.616856418940777e-05
375,-0.54470265,-0.31713596,-0.2469495,-0.23607753,0.7868593,-0.26468047,0,1.616856418940777e-05
376,-0.54470265,-0.31713596,-0.2469495,-0.23607753,0.7868593,-0.26468047,0,1.616856418940777e-05
377,-0.54470265,-0.31713596,-0.2469495,-0.23607753,0.7868593,-0.26468047,0,1.616856418940777e-05
378,-0.54470265,-0.31713596,-0.2469495,-0.23607753,0.7868593,-0.26468047,0,1.616856418940777e-05
379,-0.54470265,-0.31713596,-0.2469495,-0.23607753,0.7868593,-0.26468047,0,1.616856418940777e-05
380,-0.54470265,-0.31713596,-0.2469495,-0.23607753,0.7868593,-0.26468047,0,1.616856418940777e-05
381,-0.54470265,-0.31713596,-0.2469495,-0.23607753,0.7868593,-0.26468047,0,1.616856418940777e-05
382,-0.54470265,-0.31713596,-0.2469495,-0.23607753,0.7868593,-0.26468047,0,1.616856418940777e-05
383,-0.54470265,-0.31713596,-0.2469495,-0.23607753,0.7868593,-0.26468047,0,1.616856418940777e-05
384,-0.54470265,-0.31713596,-0.2469495,-0.23607753,0.7868593,-0.26468047,0,1.616856418940777e-05
385,-0.54470265,-0.31713596,-0.2469495,-0.23607753,0.7868593,-0.26468047,0,1.616856418940777e-05
386,-0.54470265,-0.31713596,-0.2469495,-0.23607753,0.7868593,-0.26468047,0,1.616856418940777e-05
387,-0.54470265,-0.31713596,-0.2469495,-0.23607753,0.7868593,-0.26468047,0,1.616856418940777e-05
388,-0.54470265,-0.31713596,-0.2469495,-0.23607753,0.7868593,-0.26468047,0,1.616856418940777e-05
389,-0.54470265,-0.31713596,-0.2469495,-0.23607753,0.7868593,-0.26468047,0,1.616856418940777e-05
390,-0.54470265,-0.31713596,-0.2469495,-0.23607753,0.7868593,-0.26468047,0,1.616856418940777e-05
391,-0.54470265,-0.31713596,-0.2469495,-0.23607753,0.7868593,-0.26468047,0,1.616856418940777e-05
392,-0.54470265,-0.31713596,-0.2469495,-0.23607753,0.7868593,-0.26468047,0,1.616856418940777e-05
393,-0.54470265,-0.31713596,-0.2469495,-0.23607753,0.7868593,-0.26468047,0,1.616856418940777e-05
394,-0.54470265,-0.31713596,-0.2469495,-0.23607753,0.7868593,-0.26468047,0,1.616856418940777e-05
395,-0.54470265,-0.31713596,-0.2469495,-0.23607753,0.7868593,3.404957,0,0.0002882292324085407
396,-0.54470265,-0.31713596,-0.2469495,-0.23607753,0.7868593,-0.26468047,0,1.616856418940777e-05
397,-0.54470265,-0.31713596,-0.2469495,-0.23607753,0.7868593,-0.26468047,0,1.616856418940777e-05
398,-0.54470265,-0.31713596,-0.2469495,-0.23607753,0.7868593,7.074595,0,0.005114711044238492
399,-0.54470265,-0.31713596,-0.2469495,-0.23607753,0.7868593,3.404957,0,0.0002882292324085407
400,-0.54470265,-0.31713596,-0.2469495,-0.23607753,0.7868593,7.074595,0,0.005114711044238492
401,-0.54470265,-0.31713596,-0.2469495,-0.23607753,0.7868593,3.404957,0,0.0002882292324085407
402,-0.54470265,-0.31713596,-0.2469495,-0.23607753,0.7868593,3.404957,0,0.0002882292324085407
403,-0.54470265,-0.31713596,-0.2469495,-0.23607753,0.7868593,3.404957,0,0.0002882292324085407
404,-0.54470265,-0.23974264,-0.2469495,-0.23607753,0.7868593,-0.26468047,0,1.759822587783195e-05
405,-0.54470265,-0.23974264,-0.2469495,-0.23607753,0.7868593,-0.26468047,0,1.759822587783195e-05
622,1.4852144,1.1390057,3.645553,4.282127,-1.0421551,-0.26468047,1,0.8887189650493738
623,1.4852144,1.1390057,3.645553,4.282127,-1.0421551,-0.26468047,1,0.8887189650493738
634,3.515131,4.597342,0.79105115,1.1026495,-0.88745,-0.26468047,1,0.9832860399095674
406,-0.54470265,-0.23974264,-0.2469495,-0.23607753,0.7868593,-0.26468047,0,1.7132479799862284e-05
407,-0.54470265,-0.23974264,-0.2469495,-0.23607753,0.7868593,-0.26468047,0,1.7132479799862284e-05
408,-0.54470265,-0.23974264,-0.2469495,-0.23607753,0.7868593,-0.26468047,0,1.7132479799862284e-05
409,-0.54470265,-0.23974264,-0.2469495,-0.23607753,0.7868593,-0.26468047,0,1.7132479799862284e-05
410,-0.54470265,-0.23974264,-0.2469495,-0.23607753,0.7868593,-0.26468047,0,1.7132479799862284e-05
411,-0.54470265,-0.23974264,-0.2469495,-0.23607753,0.7868593,-0.26468047,0,1.7132479799862284e-05
412,-0.54470265,-0.23974264,-0.2469495,-0.23607753,0.7868593,-0.26468047,0,1.7132479799862284e-05
413,-0.54470265,-0.23974264,-0.2469495,-0.23607753,0.7868593,-0.26468047,0,1.7132479799862284e-05
414,-0.54470265,-0.23974264,-0.2469495,-0.23607753,0.7868593,-0.26468047,0,1.7132479799862284e-05
415,-0.54470265,-0.23974264,-0.2469495,-0.23607753,0.7868593,-0.26468047,0,1.7132479799862284e-05
416,-0.54470265,-0.23974264,-0.2469495,-0.23607753,0.7868593,-0.26468047,0,1.7132479799862284e-05
417,-0.54470265,-0.23974264,-0.2469495,-0.23607753,0.7868593,-0.26468047,0,1.7132479799862284e-05
418,-0.54470265,-0.23974264,-0.2469495,-0.23607753,0.7868593,-0.26468047,0,1.7132479799862284e-05
419,-0.54470265,-0.23974264,-0.2469495,-0.23607753,0.7868593,-0.26468047,0,1.7132479799862284e-05
420,-0.54470265,-0.23974264,-0.2469495,-0.23607753,0.7868593,-0.26468047,0,1.7132479799862284e-05
421,-0.54470265,-0.23974264,-0.2469495,-0.23607753,0.7868593,-0.26468047,0,1.7132479799862284e-05
422,-0.54470265,-0.23974264,-0.2469495,-0.23607753,0.7868593,-0.26468047,0,1.7132479799862284e-05
423,-0.54470265,-0.23974264,-0.2469495,-0.23607753,0.7868593,-0.26468047,0,1.7132479799862284e-05
424,-0.54470265,-0.23974264,-0.2469495,-0.23607753,0.7868593,-0.26468047,0,1.7132479799862284e-05
425,-0.54470265,-0.23974264,-0.2469495,-0.23607753,0.7868593,-0.26468047,0,1.7132479799862284e-05
426,-0.54470265,-0.23974264,-0.2469495,-0.23607753,0.7868593,-0.26468047,0,1.7132479799862284e-05
427,-0.54470265,-0.23974264,-0.2469495,-0.23607753,0.7868593,-0.26468047,0,1.7132479799862284e-05
428,-0.54470265,-0.23974264,-0.2469495,-0.23607753,0.7868593,-0.26468047,0,1.7132479799862284e-05
429,-0.54470265,-0.23974264,-0.2469495,-0.23607753,0.7868593,-0.26468047,0,1.7132479799862284e-05
430,-0.54470265,-0.23974264,-0.2469495,-0.23607753,0.7868593,-0.26468047,0,1.7132479799862284e-05
431,-0.54470265,-0.23974264,-0.2469495,-0.23607753,0.7868593,-0.26468047,0,1.7132479799862284e-05
432,-0.54470265,-0.23974264,-0.2469495,-0.23607753,0.7868593,-0.26468047,0,1.7132479799862284e-05
433,-0.54470265,-0.23974264,-0.2469495,-0.23607753,0.7868593,-0.26468047,0,1.7132479799862284e-05
434,-0.54470265,-0.23974264,-0.2469495,-0.23607753,0.7868593,-0.26468047,0,1.7132479799862284e-05
435,-0.54470265,-0.23974264,-0.2469495,-0.23607753,0.7868593,-0.26468047,0,1.7132479799862284e-05
436,-0.54470265,-0.23974264,-0.2469495,-0.23607753,0.7868593,-0.26468047,0,1.7132479799862284e-05
437,-0.54470265,-0.23974264,-0.2469495,-0.23607753,0.7868593,-0.26468047,0,1.7132479799862284e-05
438,-0.54470265,-0.23974264,-0.2469495,-0.23607753,0.7868593,-0.26468047,0,1.7132479799862284e-05
439,-0.54470265,-0.23974264,-0.2469495,-0.23607753,0.7868593,-0.26468047,0,1.7132479799862284e-05
440,-0.54470265,-0.23974264,-0.2469495,-0.23607753,0.7868593,-0.26468047,0,1.7132479799862284e-05
441,-0.54470265,-0.23974264,-0.2469495,-0.23607753,0.7868593,-0.26468047,0,1.7132479799862284e-05
442,-0.54470265,-0.23974264,-0.2469495,-0.23607753,0.7868593,-0.26468047,0,1.7132479799862284e-05
443,-0.54470265,-0.23974264,-0.2469495,-0.23607753,0.7868593,-0.26468047,0,1.7132479799862284e-05
444,-0.54470265,-0.23974264,-0.2469495,-0.23607753,0.7868593,-0.26468047,0,1.7132479799862284e-05
445,-0.54470265,-0.23974264,-0.2469495,-0.23607753,0.7868593,-0.26468047,0,1.7132479799862284e-05
446,-0.54470265,-0.23974264,-0.2469495,-0.23607753,0.7868593,-0.26468047,0,1.7132479799862284e-05
447,-0.54470265,-0.23974264,-0.2469495,-0.23607753,0.7868593,-0.26468047,0,1.7132479799862284e-05
448,-0.54470265,-0.23974264,-0.2469495,-0.23607753,0.7868593,-0.26468047,0,1.7132479799862284e-05
449,-0.54470265,-0.23974264,-0.2469495,-0.23607753,0.7868593,-0.26468047,0,1.7132479799862284e-05
450,-0.54470265,-0.23974264,-0.2469495,-0.23607753,0.7868593,-0.26468047,0,1.7132479799862284e-05
451,-0.54470265,-0.23974264,-0.2469495,-0.23607753,0.7868593,-0.26468047,0,1.7132479799862284e-05
452,-0.54470265,-0.23974264,-0.2469495,-0.23607753,0.7868593,-0.26468047,0,1.7132479799862284e-05
453,-0.54470265,-0.23974264,-0.2469495,-0.23607753,0.7868593,-0.26468047,0,1.7132479799862284e-05
454,-0.54470265,-0.23974264,-0.2469495,-0.23607753,0.7868593,-0.26468047,0,1.7132479799862284e-05
455,-0.54470265,-0.23974264,-0.2469495,-0.23607753,0.7868593,-0.26468047,0,1.7132479799862284e-05
456,-0.54470265,-0.23974264,-0.2469495,-0.23607753,0.7868593,-0.26468047,0,1.7132479799862284e-05
457,-0.54470265,-0.31713596,-0.2469495,-0.23607753,0.7868593,-0.26468047,0,1.5692077807040204e-05
458,-0.54470265,-0.31713596,-0.2469495,-0.23607753,0.7868593,-0.26468047,0,1.5692077807040204e-05
459,-0.54470265,-0.31713596,-0.2469495,-0.23607753,0.7868593,-0.26468047,0,1.5692077807040204e-05
460,-0.54470265,-0.31713596,-0.2469495,-0.23607753,0.7868593,-0.26468047,0,1.5692077807040204e-05
461,-0.54470265,-0.31713596,-0.2469495,-0.23607753,0.7868593,-0.26468047,0,1.5692077807040204e-05
462,-0.54470265,-0.31713596,-0.2469495,-0.23607753,0.7868593,-0.26468047,0,1.5692077807040204e-05
463,-0.54470265,-0.31713596,-0.2469495,-0.23607753,0.7868593,-0.26468047,0,1.5692077807040204e-05
464,-0.54470265,0.11020995,-0.2469495,-0.23607753,-1.2134954,-0.26468047,0,0.00014667967765453837
465,-0.54470265,0.11020995,-0.2469495,-0.23607753,-1.2134954,-0.26468047,0,0.00014667967765453837
466,-0.54470265,0.11020995,-0.2469495,-0.23607753,-1.0371647,-0.26468047,0,0.0001257107727116657
467,-0.54470265,0.11020995,-0.2469495,-0.23607753,-0.979774,-0.26468047,0,0.00011955463427614132
468,1.4852144,1.1390057,-0.2469495,-0.23607753,-0.95981205,-0.26468047,0,0.004806623241492586
469,-0.54470265,2.140103,-0.2469495,-0.23607753,-0.9789423,3.404957,0,0.02470090156967519
470,-0.54470265,1.6486552,-0.2469495,-0.23607753,-0.9789423,-0.26468047,0,0.0006841796669279152
471,-0.54470265,0.11020995,-0.2469495,-0.23607753,-1.0704347,-0.26468047,0,0.00012942365287068813
472,-0.54470265,2.140103,-0.2469495,-0.23607753,-0.9556533,-0.26468047,0,0.0011703092163123814
473,-0.54470265,1.6486552,-0.2469495,-0.23607753,-0.9556533,-0.26468047,0,0.0006703879996365362
474,-0.54470265,0.11020995,-0.2469495,-0.23607753,-2.1650152,3.404957,0,0.00709317078057155
475,-0.54470265,0.11020995,-0.2469495,-0.23607753,-2.1650152,3.404957,0,0.00709317078057155
476,-0.54470265,2.140103,-0.2469495,-0.23607753,-1.0612854,-0.26468047,0,0.0012834889527901104
477,-0.54470265,2.140103,-0.2469495,-0.23607753,-1.0471457,3.404957,0,0.026180099091468116
478,1.4852144,0.91148347,-0.2469495,-0.23607753,-2.3213837,-0.26468047,0,0.012131379075948072
479,1.4852144,-0.31713596,-0.2469495,2.7760584,0.2412324,-0.26468047,0,0.008819515698345756
480,-0.54470265,-0.31713596,-0.2469495,-0.23607753,-1.0188663,-0.26468047,0,7.617967233523884e-05
481,-0.54470265,-0.31713596,-0.2469495,-0.23607753,-1.0188663,-0.26468047,0,7.617967233523884e-05
482,-0.54470265,-0.31713596,-0.2469495,-0.23607753,-1.0188663,-0.26468047,0,7.617967233523884e-05
483,1.4852144,-0.31713596,-0.2469495,-0.23607753,0.5015696,-0.26468047,0,0.00025756294482167725
484,-0.54470265,-0.23974264,-0.2469495,-0.23607753,-0.48904258,-0.26468047,0,5.2318363610448747e-05
635,3.515131,1.3210233,0.79105115,1.1026495,-0.90907544,-0.26468047,1,0.39026316762284413
641,3.515131,2.140103,7.538056,5.7881947,-2.5941973,-0.26468047,1,0.9999915539953861
642,3.515131,3.3687224,7.538056,5.7881947,-1.3332671,-0.26468047,1,0.999993685585294
485,-0.54470265,0.11020995,-0.2469495,-0.23607753,0.28531504,-0.26468047,0,3.6736257360653285e-05
486,-0.54470265,1.6486552,-0.2469495,-0.23607753,-1.0263519,-0.26468047,0,0.0006515781400027408
487,-0.54470265,2.140103,-0.2469495,-0.23607753,-1.0770886,-0.26468047,0,0.0012005492396585005
488,-0.54470265,2.140103,-0.2469495,-0.23607753,-1.0770886,3.404957,0,0.02047885727271142
489,-0.54470265,2.140103,-0.2469495,-0.23607753,-1.0770886,-0.26468047,0,0.0012005492396585005
490,-0.54470265,2.140103,-0.2469495,-0.23607753,-1.0770886,3.404957,0,0.02047885727271142
491,-0.54470265,-0.31713596,-0.2469495,-0.23607753,-2.5276573,-0.26468047,0,0.0002337661048335898
492,-0.54470265,-0.23974264,-0.2469495,-0.23607753,-1.0255202,-0.26468047,0,7.307222164246276e-05
493,-0.54470265,3.3687224,-0.2469495,-0.23607753,-1.0255202,-0.26468047,0,0.004757126381672023
494,1.4852144,-0.31713596,-0.2469495,-0.23607753,0.7868593,-0.26468047,0,0.0003497138793488457
495,1.4852144,-0.31713596,-0.2469495,-0.23607753,0.7868593,-0.26468047,0,0.0003497138793488457
496,1.4852144,-0.31713596,-0.2469495,-0.23607753,0.7868593,-0.26468047,0,0.0003497138793488457
497,1.4852144,-0.31713596,-0.2469495,-0.23607753,0.7868593,-0.26468047,0,0.0003497138793488457
498,-0.54470265,-0.31713596,-0.2469495,-0.23607753,0.7868593,-0.26468047,0,1.4737829329650199e-05
499,-0.54470265,-0.31713596,-0.2469495,-0.23607753,0.7868593,-0.26468047,0,1.4737829329650199e-05
500,-0.54470265,-0.31713596,-0.2469495,-0.23607753,0.7868593,-0.26468047,0,1.4737829329650199e-05
501,-0.54470265,-0.31713596,-0.2469495,-0.23607753,0.7868593,-0.26468047,0,1.4737829329650199e-05
502,-0.54470265,-0.31713596,-0.2469495,-0.23607753,0.7868593,-0.26468047,0,1.4737829329650199e-05
503,-0.54470265,-0.31713596,-0.2469495,-0.23607753,0.7868593,-0.26468047,0,1.4737829329650199e-05
504,-0.54470265,-0.31713596,-0.2469495,-0.23607753,0.7868593,-0.26468047,0,1.4737829329650199e-05
505,-0.54470265,-0.23974264,-0.2469495,-0.23607753,0.7868593,3.404957,0,0.00028031706246824806
506,-0.54470265,-0.31713596,-0.2469495,-0.23607753,0.7868593,-0.26468047,0,1.4737829329650199e-05
507,-0.54470265,-0.31713596,-0.2469495,-0.23607753,0.7868593,-0.26468047,0,1.4737829329650199e-05
508,-0.54470265,-0.31713596,-0.2469495,-0.23607753,0.7868593,-0.26468047,0,1.4737829329650199e-05
509,-0.54470265,-0.31713596,-0.2469495,-0.23607753,0.7868593,-0.26468047,0,1.4737829329650199e-05
510,-0.54470265,-0.31713596,-0.2469495,-0.23607753,0.7868593,-0.26468047,0,1.4737829329650199e-05
511,-0.54470265,-0.31713596,-0.2469495,-0.23607753,0.7868593,-0.26468047,0,1.4737829329650199e-05
512,-0.54470265,-0.31713596,-0.2469495,-0.23607753,0.7868593,-0.26468047,0,1.4737829329650199e-05
513,-0.54470265,-0.31713596,-0.2469495,-0.23607753,0.7868593,-0.26468047,0,1.4737829329650199e-05
514,-0.54470265,-0.31713596,-0.2469495,-0.23607753,0.7868593,-0.26468047,0,1.4737829329650199e-05
515,-0.54470265,-0.31713596,-0.2469495,-0.23607753,0.7868593,-0.26468047,0,1.4737829329650199e-05
516,-0.54470265,-0.23974264,-0.2469495,-0.23607753,0.7868593,-0.26468047,0,1.6120335163798948e-05
517,-0.54470265,-0.23974264,-0.2469495,-0.23607753,0.7868593,-0.26468047,0,1.6120335163798948e-05
518,-0.54470265,-0.23974264,-0.2469495,-0.23607753,0.7868593,-0.26468047,0,1.6120335163798948e-05
519,-0.54470265,-0.23974264,-0.2469495,-0.23607753,0.7868593,-0.26468047,0,1.6120335163798948e-05
520,-0.54470265,-0.31713596,-0.2469495,-0.23607753,-1.0729299,-0.26468047,0,6.949977938586858e-05
521,-0.54470265,-0.23974264,-0.2469495,-0.23607753,-1.0255202,-0.26468047,0,7.307222164246276e-05
522,-0.54470265,-0.31713596,-0.2469495,-0.23607753,-1.0729299,-0.26468047,0,6.949977938586858e-05
523,1.4852144,-0.31713596,-0.2469495,-0.23607753,0.7868593,-0.26468047,0,0.0003497138793488457
524,1.4852144,-0.31713596,-0.2469495,-0.23607753,0.7868593,-0.26468047,0,0.0003497138793488457
525,1.4852144,-0.31713596,-0.2469495,-0.23607753,0.7868593,-0.26468047,0,0.0003497138793488457
526,1.4852144,-0.31713596,-0.2469495,-0.23607753,0.7868593,-0.26468047,0,0.0003497138793488457
527,1.4852144,1.1390057,-0.2469495,-0.23607753,0.19215925,-0.26468047,0,0.0030944000834857125
528,1.4852144,-0.31713596,-0.2469495,-0.23607753,0.7868593,-0.26468047,0,0.0003497138793488457
529,-0.54470265,-0.23974264,-0.2469495,-0.23607753,0.24539113,-0.26468047,0,2.532081167358617e-05
530,-0.54470265,-0.23974264,-0.2469495,-0.23607753,0.24539113,-0.26468047,0,2.532081167358617e-05
531,1.4852144,-0.31713596,-0.2469495,-0.23607753,0.7868593,-0.26468047,0,0.0003497138793488457
532,-0.54470265,-0.31713596,-0.2469495,-0.23607753,0.7868593,-0.26468047,0,1.4737829329650199e-05
533,1.4852144,-0.31713596,-0.2469495,-0.23607753,0.7868593,-0.26468047,0,0.0003497138793488457
534,1.4852144,-0.31713596,-0.2469495,-0.23607753,0.7868593,-0.26468047,0,0.0003497138793488457
535,-0.54470265,-0.31713596,-0.2469495,-0.23607753,0.7868593,-0.26468047,0,1.4737829329650199e-05
536,-0.54470265,-0.31713596,-0.2469495,-0.23607753,0.7868593,-0.26468047,0,1.4737829329650199e-05
537,1.4852144,-0.31713596,-0.2469495,-0.23607753,0.7868593,-0.26468047,0,0.0003497138793488457
538,1.4852144,-0.31713596,-0.2469495,-0.23607753,0.7868593,-0.26468047,0,0.0003497138793488457
539,-0.54470265,0.11020995,-0.2469495,-0.23607753,-0.68034464,-0.26468047,0,8.218930879062754e-05
540,-0.54470265,0.11020995,-0.2469495,-0.23607753,-0.05902872,-0.26468047,0,4.895568653393103e-05
541,-0.54470265,-0.31713596,-0.2469495,-0.23607753,0.7868593,-0.26468047,0,1.4737829329650199e-05
542,-0.54470265,-0.31713596,-0.2469495,-0.23607753,0.7868593,-0.26468047,0,1.4737829329650199e-05
543,-0.54470265,-0.31713596,-0.2469495,-0.23607753,0.7868593,-0.26468047,0,1.4737829329650199e-05
544,-0.54470265,-0.31713596,-0.2469495,-0.23607753,0.7868593,-0.26468047,0,1.4737829329650199e-05
545,-0.54470265,-0.31713596,-0.2469495,-0.23607753,0.7868593,-0.26468047,0,1.4737829329650199e-05
546,-0.54470265,-0.31713596,-0.2469495,-0.23607753,0.7868593,-0.26468047,0,1.4737829329650199e-05
547,-0.54470265,-0.31713596,-0.2469495,-0.23607753,0.7868593,-0.26468047,0,1.4737829329650199e-05
548,-0.54470265,-0.31713596,-0.2469495,-0.23607753,0.7868593,-0.26468047,0,1.4737829329650199e-05
549,-0.54470265,-0.31713596,-0.2469495,-0.23607753,0.7868593,-0.26468047,0,1.4737829329650199e-05
550,-0.54470265,-0.31713596,-0.2469495,-0.23607753,0.7868593,-0.26468047,0,1.4737829329650199e-05
551,-0.54470265,-0.31713596,-0.2469495,-0.23607753,0.7868593,-0.26468047,0,1.4737829329650199e-05
552,-0.54470265,-0.31713596,-0.2469495,-0.23607753,0.7868593,-0.26468047,0,1.4737829329650199e-05
553,-0.54470265,-0.31713596,-0.2469495,-0.23607753,0.7868593,-0.26468047,0,1.4737829329650199e-05
554,-0.54470265,-0.31713596,-0.2469495,-0.23607753,0.7868593,-0.26468047,0,1.4737829329650199e-05
555,-0.54470265,-0.31713596,-0.2469495,-0.23607753,0.7868593,-0.26468047,0,1.4737829329650199e-05
556,-0.54470265,-0.31713596,-0.2469495,-0.23607753,0.7868593,-0.26468047,0,1.4737829329650199e-05
557,-0.54470265,-0.31713596,-0.2469495,-0.23607753,0.7868593,-0.26468047,0,1.4737829329650199e-05
558,-0.54470265,-0.31713596,-0.2469495,-0.23607753,0.7868593,-0.26468047,0,1.4737829329650199e-05
559,-0.54470265,-0.31713596,-0.2469495,-0.23607753,0.7868593,-0.26468047,0,1.4737829329650199e-05
560,-0.54470265,-0.31713596,-0.2469495,-0.23607753,0.7868593,-0.26468047,0,1.4737829329650199e-05
561,-0.54470265,-0.31713596,-0.2469495,-0.23607753,0.7868593,-0.26468047,0,1.4737829329650199e-05
562,-0.54470265,-0.31713596,-0.2469495,-0.23607753,0.7868593,-0.26468047,0,1.4737829329650199e-05
563,-0.54470265,-0.23974264,-0.2469495,-0.23607753,0.7868593,-0.26468047,0,1.6120335163798948e-05
643,3.515131,3.3687224,7.538056,5.7881947,-1.3332671,-0.26468047,1,0.9999969436652993
644,3.515131,0.11020995,7.538056,5.7881947,-1.9936751,3.404957,1,0.9999955825159642
645,3.515131,0.11020995,7.538056,5.7881947,-1.9936751,3.404957,1,0.9999955825159642
564,-0.54470265,-0.23974264,-0.2469495,-0.23607753,0.7868593,-0.26468047,0,2.541484777681068e-05
565,-0.54470265,-0.23974264,-0.2469495,-0.23607753,0.7868593,-0.26468047,0,2.541484777681068e-05
566,-0.54470265,-0.23974264,-0.2469495,-0.23607753,0.7868593,-0.26468047,0,2.541484777681068e-05
567,-0.54470265,-0.23974264,-0.2469495,-0.23607753,0.7868593,-0.26468047,0,2.541484777681068e-05
568,-0.54470265,-0.31713596,-0.2469495,-0.23607753,0.7868593,-0.26468047,0,2.336595076350056e-05
569,-0.54470265,-0.31713596,-0.2469495,-0.23607753,-1.0122123,-0.26468047,0,9.290926364717159e-05
570,-0.54470265,1.6486552,-0.2469495,-0.23607753,-1.105368,-0.26468047,0,0.0008433372116162238
571,-0.54470265,-0.028049037,-0.2469495,-0.23607753,-0.08231767,-0.26468047,0,6.231027788172753e-05
572,-0.54470265,-0.028049037,-0.2469495,-0.23607753,-0.08231767,-0.26468047,0,6.231027788172753e-05
573,-0.54470265,0.11020995,-0.2469495,-0.23607753,-1.6568172,-0.26468047,0,0.00024230763576574255
574,-0.54470265,-0.23974264,-0.2469495,-0.23607753,-1.2833622,-0.26468047,0,0.0001244244475853317
575,-0.54470265,-0.23974264,-0.2469495,-0.23607753,-2.5068636,-0.26468047,0,0.00031807517215236194
576,-0.54470265,-0.31713596,-0.2469495,-0.23607753,-0.877469,-0.26468047,0,8.378425149308713e-05
577,1.4852144,-0.31713596,-0.2469495,-0.23607753,-0.8749737,-0.26468047,0,0.0014872909708884927
578,-0.54470265,-0.31713596,-0.2469495,-0.23607753,-0.6736907,-0.26468047,0,7.16576363660494e-05
579,-0.54470265,-0.31713596,-0.2469495,-0.23607753,-0.6736907,-0.26468047,0,7.16576363660494e-05
580,-0.54470265,-0.31713596,-0.2469495,-0.23607753,-0.9681295,-0.26468047,0,8.981950006669011e-05
581,-0.54470265,-0.31713596,-0.2469495,-0.23607753,-0.9681295,-0.26468047,0,8.981950006669011e-05
582,-0.54470265,0.11020995,-0.2469495,-0.23607753,-1.0571266,-0.26468047,0,0.00015295745322489062
583,-0.54470265,0.11020995,-0.2469495,-0.23607753,-1.0571266,-0.26468047,0,0.00015295745322489062
584,1.4852144,-0.31713596,3.645553,2.7760584,0.5015696,-0.26468047,0,0.3076054420680369
585,-0.54470265,-0.23974264,-0.2469495,-0.23607753,-0.5023505,-0.26468047,0,6.833970056582387e-05
586,-0.54470265,-0.23974264,-0.2469495,-0.23607753,-0.5023505,-0.26468047,0,6.833970056582387e-05
587,-0.54470265,-0.23974264,-0.2469495,-0.23607753,0.18550527,-0.26468047,0,4.031536730530419e-05
588,-0.54470265,-0.23974264,-0.2469495,-0.23607753,-0.5023505,-0.26468047,0,6.833970056582387e-05
589,-0.54470265,0.11020995,-0.2469495,-0.23607753,-1.019698,7.074595,0,0.018254743424288428
590,-0.54470265,0.11020995,-0.2469495,-0.23607753,-0.97561526,3.404957,0,0.0016046620469050198
591,-0.54470265,-0.23974264,-0.2469495,-0.23607753,-1.0779203,-0.26468047,0,0.00010628062226350582
592,-0.54470265,-0.31713596,1.0505514,2.7760584,0.5015696,-0.26468047,0,0.0017817052571014345
593,-0.54470265,0.11020995,-0.2469495,-0.23607753,-0.97561526,-0.26468047,0,0.00014368538053981456
594,-0.54470265,2.140103,-0.2469495,-0.23607753,-1.1561047,-0.26468047,0,0.001494279367882652
595,1.4852144,0.91148347,-0.2469495,-0.23607753,-0.8882817,-0.26468047,0,0.005682224457583319
596,-0.54470265,-0.31713596,1.0505514,2.7760584,0.5015696,-0.26468047,0,0.0017817052571014345
597,-0.54470265,-0.31713596,1.0505514,2.7760584,0.5015696,-0.26468047,0,0.0017817052571014345
598,-0.54470265,-0.31713596,-0.2469495,-0.23607753,0.1705338,-0.26468047,0,3.749348863705134e-05
599,-0.54470265,-0.23974264,-0.2469495,-0.23607753,-0.5031823,-0.26468047,0,6.838332728241166e-05
600,-0.54470265,-0.23974264,-0.2469495,-0.23607753,-0.5031823,-0.26468047,0,6.838332728241166e-05
601,-0.54470265,-0.23974264,-0.2469495,-0.23607753,0.18550527,-0.26468047,0,4.031536730530419e-05
602,-0.54470265,-0.23974264,-0.2469495,-0.23607753,-0.73524004,-0.26468047,0,8.170962040283022e-05
603,-0.54470265,-0.23974264,-0.2469495,-0.23607753,-0.73524004,-0.26468047,0,8.170962040283022e-05
604,-0.54470265,-0.23974264,-0.2469495,-0.23607753,-0.73524004,-0.26468047,0,8.170962040283022e-05
605,-0.54470265,-0.23974264,-0.2469495,-0.23607753,-0.73524004,-0.26468047,0,8.170962040283022e-05
606,-0.54470265,-0.31713596,-0.2469495,-0.23607753,2.540555e-05,3.404957,0,0.0004777374403590386
607,-0.54470265,-0.31713596,-0.2469495,-0.23607753,2.540555e-05,-0.26468047,0,4.2733867530772885e-05
608,-0.54470265,-0.31713596,-0.2469495,-0.23607753,2.540555e-05,3.404957,0,0.0004777374403590386
609,-0.54470265,-0.31713596,-0.2469495,-0.23607753,2.540555e-05,-0.26468047,0,4.2733867530772885e-05
610,-0.54470265,-0.31713596,-0.2469495,-0.23607753,2.540555e-05,-0.26468047,0,4.2733867530772885e-05
611,-0.54470265,-0.31713596,-0.2469495,-0.23607753,2.540555e-05,-0.26468047,0,4.2733867530772885e-05
612,-0.54470265,-0.31713596,-0.2469495,-0.23607753,-0.29275,3.404957,0,0.0005979966602879168
613,-0.54470265,-0.31713596,-0.2469495,-0.23607753,-0.29275,3.404957,0,0.0005979966602879168
614,-0.54470265,-0.31713596,-0.2469495,-0.23607753,-0.29275,3.404957,0,0.0005979966602879168
615,-0.54470265,-0.31713596,-0.2469495,-0.23607753,-0.29275,3.404957,0,0.0005979966602879168
616,-0.54470265,-0.31713596,-0.2469495,-0.23607753,-0.29275,-0.26468047,0,5.3496979388259705e-05
617,-0.54470265,-0.31713596,-0.2469495,-0.23607753,-0.29275,-0.26468047,0,5.3496979388259705e-05
618,-0.54470265,-0.31713596,-0.2469495,-0.23607753,-0.29275,3.404957,0,0.0005979966602879168
619,-0.54470265,-0.31713596,-0.2469495,-0.23607753,-0.37426132,3.404957,0,0.0006365669200723385
620,-0.54470265,-0.23974264,3.645553,4.282127,-1.0421551,-0.26468047,0,0.2643566035751926
624,-0.54470265,-0.31713596,3.645553,-0.23607753,-1.0421551,-0.26468047,0,0.004942627100092768
625,-0.54470265,-0.31713596,3.645553,-0.23607753,-1.0421551,-0.26468047,0,0.004942627100092768
626,-0.54470265,-0.23974264,-0.2469495,-0.23607753,0.16138457,-0.26468047,0,4.1068425338306467e-05
627,-0.54470265,-0.23974264,-0.2469495,-0.23607753,0.16138457,-0.26468047,0,4.1068425338306467e-05
628,-0.54470265,-0.31713596,-0.2469495,-0.23607753,-1.1544412,3.404957,0,0.0011577036163164345
629,-0.54470265,-0.31713596,0.79105115,-0.23607753,-1.0787522,-0.26468047,0,0.000280732394606749
630,-0.54470265,-0.31713596,0.79105115,-0.23607753,-1.0787522,-0.26468047,0,0.000280732394606749
631,1.4852144,-0.31713596,0.79105115,-0.23607753,-1.0646124,-0.26468047,0,0.004923051702224624
632,-0.54470265,0.11020995,0.79105115,-0.23607753,-1.0038948,-0.26468047,0,0.00042155811105320807
633,-0.54470265,-0.31713596,0.79105115,1.1026495,-0.88745,-0.26468047,0,0.0008402769859073325
636,-0.54470265,0.11020995,0.79105115,1.1026495,-0.88745,-0.26468047,0,0.0013359119908010802
637,-0.54470265,0.11020995,0.79105115,1.1026495,-0.88745,-0.26468047,0,0.0013359119908010802
638,-0.54470265,0.11020995,0.79105115,1.1026495,-0.88745,-0.26468047,0,0.0013359119908010802
639,1.4852144,-0.31713596,0.79105115,1.1026495,-0.88745,-0.26468047,0,0.014757264449399114
640,-0.54470265,-0.31713596,-0.2469495,2.7760584,-0.97561526,-0.26468047,0,0.0014809229454401625
646,3.515131,-0.028049037,7.538056,5.7881947,-1.3332671,-0.26468047,1,0.9999736616752065
647,-0.54470265,-0.028049037,-0.2469495,-0.23607753,-0.9814375,-0.26468047,0,0.00012420728858204898
648,-0.54470265,-0.028049037,-0.2469495,-0.23607753,-0.9814375,3.404957,0,0.0013874077402723105
649,-0.54470265,-0.028049037,-0.2469495,-0.23607753,-0.9814375,3.404957,0,0.0013874077402723105
650,-0.54470265,-0.028049037,-0.2469495,-0.23607753,-0.9814375,3.404957,0,0.0013874077402723105
651,-0.54470265,-0.028049037,-0.2469495,-0.23607753,-0.9814375,3.404957,0,0.0013874077402723105
652,-0.54470265,-0.028049037,-0.2469495,-0.23607753,-0.9814375,-0.26468047,0,0.00012420728858204898
653,-0.54470265,-0.028049037,-0.2469495,-0.23607753,-0.9814375,-0.26468047,0,0.00012420728858204898
697,1.4852144,0.11020995,-0.003668065,2.7760584,-1.0438187,3.404957,1,0.38802859008122775
764,3.515131,-0.23974264,3.645553,5.7881947,-0.90990716,-0.26468047,1,0.9976093227565307
654,-0.54470265,-0.028049037,-0.2469495,-0.23607753,-0.9814375,3.404957,0,0.0020446981022421563
655,-0.54470265,-0.028049037,-0.2469495,-0.23607753,-0.9814375,3.404957,0,0.0020446981022421563
656,-0.54470265,-0.028049037,-0.2469495,-0.23607753,-0.9814375,-0.26468047,0,9.008281877729433e-05
657,-0.54470265,-0.028049037,-0.2469495,-0.23607753,-0.9814375,3.404957,0,0.0020446981022421563
658,-0.54470265,-0.028049037,-0.2469495,-0.23607753,-0.9814375,3.404957,0,0.0020446981022421563
659,-0.54470265,-0.028049037,-0.2469495,-0.23607753,-0.9814375,-0.26468047,0,9.008281877729433e-05
660,-0.54470265,-0.028049037,-0.2469495,-0.23607753,-0.9814375,-0.26468047,0,9.008281877729433e-05
661,-0.54470265,-0.028049037,-0.2469495,-0.23607753,-2.357149,-0.26468047,0,0.00031210831674283
662,-0.54470265,2.140103,-0.2469495,-0.23607753,-0.9814375,-0.26468047,0,0.0008546255075189201
663,-0.54470265,-0.028049037,-0.2469495,-0.23607753,-0.9814375,-0.26468047,0,9.008281877729433e-05
664,-0.54470265,-0.028049037,-0.2469495,-0.23607753,-0.9814375,-0.26468047,0,9.008281877729433e-05
665,-0.54470265,-0.31713596,-0.2469495,-0.23607753,-0.9814375,-0.26468047,0,6.673033614439168e-05
666,1.4852144,1.1390057,-0.2469495,-0.23607753,-0.9814375,-0.26468047,0,0.008159983419365777
667,1.4852144,-0.31713596,-0.2469495,-0.23607753,-0.9814375,-0.26468047,0,0.0018112954026138278
668,-0.54470265,0.11020995,-0.2469495,-0.23607753,-1.036333,-0.26468047,0,0.0001092705225337095
669,-0.54470265,0.11020995,-0.2469495,-0.23607753,-0.9972407,3.404957,0,0.0023933653184002005
670,-0.54470265,-0.31713596,-0.2469495,-0.23607753,-0.9814375,-0.26468047,0,6.673033614439168e-05
671,-0.54470265,-0.31713596,-0.2469495,-0.23607753,-0.9814375,-0.26468047,0,6.673033614439168e-05
672,-0.54470265,-0.31713596,-0.2469495,-0.23607753,-0.9814375,-0.26468047,0,6.673033614439168e-05
673,-0.54470265,0.11020995,-0.2469495,-0.23607753,-0.9814375,-0.26468047,0,0.00010398413983565869
674,-0.54470265,0.11020995,-0.2469495,-0.23607753,-0.9814375,-0.26468047,0,0.00010398413983565869
675,-0.54470265,0.11020995,-0.2469495,-0.23607753,-0.9814375,-0.26468047,0,0.00010398413983565869
676,1.4852144,-0.31713596,-0.2469495,-0.23607753,-0.9814375,-0.26468047,0,0.0018112954026138278
677,-0.54470265,0.11020995,-0.2469495,-0.23607753,-0.9814375,-0.26468047,0,0.00010398413983565869
678,-0.54470265,0.11020995,-0.2469495,-0.23607753,-0.9814375,-0.26468047,0,0.00010398413983565869
679,-0.54470265,0.11020995,-0.2469495,-0.23607753,-0.9814375,-0.26468047,0,0.00010398413983565869
680,-0.54470265,0.11020995,-0.2469495,-0.23607753,-0.9814375,-0.26468047,0,0.00010398413983565869
681,-0.54470265,0.11020995,-0.2469495,-0.23607753,-0.9814375,-0.26468047,0,0.00010398413983565869
682,-0.54470265,0.11020995,-0.2469495,-0.23607753,-0.9814375,-0.26468047,0,0.00010398413983565869
683,-0.54470265,0.11020995,-0.2469495,-0.23607753,-0.9814375,-0.26468047,0,0.00010398413983565869
684,-0.54470265,-0.31713596,-0.2469495,-0.23607753,-0.9814375,-0.26468047,0,6.673033614439168e-05
685,1.4852144,-0.31713596,-0.2469495,2.7760584,-0.9814375,-0.26468047,0,0.052316638161279835
686,-0.54470265,-0.31713596,-0.2469495,-0.23607753,-0.9814375,-0.26468047,0,6.673033614439168e-05
687,-0.54470265,-0.31713596,-0.2469495,-0.23607753,-0.9814375,-0.26468047,0,6.673033614439168e-05
688,1.4852144,-0.31713596,-0.003668065,-0.23607753,0.7868593,-0.26468047,0,0.0004200129120201228
689,1.4852144,-0.31713596,-0.003668065,-0.23607753,0.7868593,-0.26468047,0,0.0004200129120201228
690,1.4852144,-0.31713596,-0.003668065,-0.23607753,0.7868593,-0.26468047,0,0.0004200129120201228
691,1.4852144,-0.31713596,-0.003668065,-0.23607753,0.7868593,-0.26468047,0,0.0004200129120201228
692,1.4852144,-0.31713596,-0.003668065,-0.23607753,0.7868593,-0.26468047,0,0.0004200129120201228
693,1.4852144,-0.31713596,-0.003668065,-0.23607753,0.7868593,-0.26468047,0,0.0004200129120201228
694,1.4852144,-0.31713596,-0.003668065,-0.23607753,0.7868593,-0.26468047,0,0.0004200129120201228
695,1.4852144,-0.31713596,-0.003668065,-0.23607753,0.7868593,-0.26468047,0,0.0004200129120201228
696,1.4852144,0.11020995,-0.003668065,2.7760584,-1.019698,3.404957,0,0.698531500435759
698,1.4852144,-0.31713596,-0.003668065,-0.23607753,0.7868593,-0.26468047,0,0.0004200129120201228
699,1.4852144,-0.31713596,-0.003668065,-0.23607753,0.7868593,-0.26468047,0,0.0004200129120201228
700,1.4852144,-0.31713596,-0.003668065,-0.23607753,0.7868593,-0.26468047,0,0.0004200129120201228
701,1.4852144,-0.31713596,-0.003668065,-0.23607753,0.7868593,-0.26468047,0,0.0004200129120201228
702,-0.54470265,-0.31713596,-0.003668065,-0.23607753,0.7868593,-0.26468047,0,1.5453043904742244e-05
703,1.4852144,-0.31713596,-0.003668065,-0.23607753,0.7868593,-0.26468047,0,0.0004200129120201228
704,1.4852144,-0.31713596,-0.003668065,-0.23607753,0.7868593,-0.26468047,0,0.0004200129120201228
705,-0.54470265,-0.31713596,-0.003668065,-0.23607753,0.7868593,-0.26468047,0,1.5453043904742244e-05
706,-0.54470265,-0.31713596,-0.003668065,-0.23607753,0.7868593,-0.26468047,0,1.5453043904742244e-05
707,1.4852144,-0.31713596,-0.003668065,-0.23607753,0.7868593,-0.26468047,0,0.0004200129120201228
708,1.4852144,-0.31713596,-0.003668065,-0.23607753,0.7868593,-0.26468047,0,0.0004200129120201228
709,1.4852144,-0.31713596,-0.003668065,-0.23607753,0.7868593,-0.26468047,0,0.0004200129120201228
710,1.4852144,-0.31713596,-0.003668065,-0.23607753,0.7868593,-0.26468047,0,0.0004200129120201228
711,1.4852144,-0.31713596,-0.003668065,-0.23607753,0.7868593,-0.26468047,0,0.0004200129120201228
712,-0.54470265,3.3687224,-0.003668065,-0.23607753,0.7868593,-0.26468047,0,0.0007086064827447028
713,1.4852144,-0.31713596,-0.003668065,-0.23607753,0.7868593,-0.26468047,0,0.0004200129120201228
714,1.4852144,-0.31713596,-0.003668065,-0.23607753,0.7868593,-0.26468047,0,0.0004200129120201228
715,-0.54470265,-0.23974264,-0.003668065,-0.23607753,0.24539113,-0.26468047,0,2.7311456614420157e-05
716,-0.54470265,-0.23974264,-0.003668065,-0.23607753,0.24539113,-0.26468047,0,2.7311456614420157e-05
717,-0.54470265,-0.23974264,-0.003668065,-0.23607753,0.24539113,-0.26468047,0,2.7311456614420157e-05
718,-0.54470265,-0.23974264,-0.003668065,-0.23607753,0.24539113,-0.26468047,0,2.7311456614420157e-05
719,1.4852144,-0.31713596,-0.003668065,-0.23607753,0.7868593,-0.26468047,0,0.0004200129120201228
720,-0.54470265,0.11020995,-0.2469495,-0.23607753,-1.0696028,-0.26468047,0,0.00011260430567552594
721,-0.54470265,0.11020995,-0.2469495,-0.23607753,-1.3889942,-0.26468047,0,0.00015026288330523334
722,-0.54470265,0.11020995,-0.2469495,-0.23607753,-1.2101684,-0.26468047,0,0.00012784954876075242
723,-0.54470265,0.11020995,-0.2469495,-0.23607753,-1.0696028,-0.26468047,0,0.00011260430567552594
724,1.4852144,1.1390057,-0.2469495,-0.23607753,-1.0696028,-0.26468047,0,0.0088305387395434
725,-0.54470265,-0.31713596,-0.2469495,-0.23607753,-1.0696028,-0.26468047,0,7.226242760908186e-05
726,-0.54470265,-0.028049037,-0.2469495,-0.23607753,-1.0696028,-0.26468047,0,9.755069348675156e-05
727,-0.54470265,-0.31713596,-0.2469495,-0.23607753,0.7868593,-0.26468047,0,1.3506906216308612e-05
728,-0.54470265,-0.31713596,-0.2469495,-0.23607753,0.7868593,-0.26468047,0,1.3506906216308612e-05
729,-0.54470265,-0.31713596,-0.2469495,-0.23607753,0.7868593,-0.26468047,0,1.3506906216308612e-05
730,-0.54470265,-0.31713596,-0.2469495,-0.23607753,0.7868593,-0.26468047,0,1.3506906216308612e-05
731,-0.54470265,-0.31713596,-0.2469495,-0.23607753,0.7868593,-0.26468047,0,1.3506906216308612e-05
732,-0.54470265,-0.31713596,-0.2469495,-0.23607753,0.7868593,-0.26468047,0,1.3506906216308612e-05
733,-0.54470265,-0.31713596,-0.2469495,-0.23607753,0.7868593,-0.26468047,0,1.3506906216308612e-05
765,3.515131,9.51182,3.645553,5.7881947,-2.6066735,-0.26468047,1,0.9999999783122075
766,3.515131,2.140103,5.5918045,5.7881947,-2.6241403,-0.26468047,1,0.999984686725782
734,-0.54470265,-0.31713596,-0.2469495,-0.23607753,0.7868593,-0.26468047,0,1.3524493679512766e-05
735,-0.54470265,-0.31713596,-0.2469495,-0.23607753,0.7868593,-0.26468047,0,1.3524493679512766e-05
736,-0.54470265,-0.31713596,-0.2469495,-0.23607753,0.7868593,-0.26468047,0,1.3524493679512766e-05
737,-0.54470265,-0.31713596,-0.2469495,-0.23607753,0.7868593,-0.26468047,0,1.3524493679512766e-05
738,-0.54470265,-0.31713596,-0.2469495,-0.23607753,0.7868593,-0.26468047,0,1.3524493679512766e-05
739,-0.54470265,-0.31713596,-0.2469495,-0.23607753,0.7868593,-0.26468047,0,1.3524493679512766e-05
740,-0.54470265,-0.31713596,-0.2469495,-0.23607753,0.7868593,-0.26468047,0,1.3524493679512766e-05
741,-0.54470265,-0.31713596,-0.2469495,-0.23607753,0.7868593,-0.26468047,0,1.3524493679512766e-05
742,-0.54470265,-0.31713596,-0.2469495,-0.23607753,0.7868593,-0.26468047,0,1.3524493679512766e-05
743,-0.54470265,-0.31713596,-0.2469495,-0.23607753,0.7868593,-0.26468047,0,1.3524493679512766e-05
744,-0.54470265,-0.31713596,-0.2469495,-0.23607753,0.7868593,-0.26468047,0,1.3524493679512766e-05
745,-0.54470265,-0.31713596,-0.2469495,-0.23607753,0.7868593,-0.26468047,0,1.3524493679512766e-05
746,-0.54470265,-0.31713596,-0.2469495,-0.23607753,0.7868593,-0.26468047,0,1.3524493679512766e-05
747,-0.54470265,-0.31713596,-0.2469495,-0.23607753,0.7868593,-0.26468047,0,1.3524493679512766e-05
748,-0.54470265,-0.31713596,-0.2469495,-0.23607753,0.7868593,-0.26468047,0,1.3524493679512766e-05
749,-0.54470265,-0.31713596,-0.2469495,-0.23607753,0.7868593,-0.26468047,0,1.3524493679512766e-05
750,-0.54470265,-0.31713596,-0.2469495,-0.23607753,0.7868593,-0.26468047,0,1.3524493679512766e-05
751,-0.54470265,-0.31713596,-0.2469495,-0.23607753,0.7868593,-0.26468047,0,1.3524493679512766e-05
752,-0.54470265,-0.31713596,-0.2469495,-0.23607753,0.7868593,-0.26468047,0,1.3524493679512766e-05
753,-0.54470265,-0.31713596,-0.2469495,-0.23607753,0.7868593,-0.26468047,0,1.3524493679512766e-05
754,-0.54470265,-0.31713596,-0.2469495,-0.23607753,0.7868593,-0.26468047,0,1.3524493679512766e-05
755,-0.54470265,-0.31713596,-0.2469495,-0.23607753,0.7868593,-0.26468047,0,1.3524493679512766e-05
756,-0.54470265,-0.23974264,-0.2469495,-0.23607753,0.7868593,-0.26468047,0,1.477270549314612e-05
757,-0.54470265,-0.23974264,-0.2469495,-0.23607753,0.7868593,-0.26468047,0,1.477270549314612e-05
758,-0.54470265,-0.23974264,-0.2469495,-0.23607753,0.7868593,-0.26468047,0,1.477270549314612e-05
759,-0.54470265,-0.23974264,-0.2469495,-0.23607753,0.7868593,-0.26468047,0,1.477270549314612e-05
760,-0.54470265,-0.31713596,-0.2469495,-0.23607753,0.7868593,-0.26468047,0,1.3524493679512766e-05
761,-0.54470265,-0.31713596,-0.2469495,-0.23607753,0.7868593,-0.26468047,0,1.3524493679512766e-05
762,-0.54470265,-0.31713596,-0.2469495,-0.23607753,0.7868593,-0.26468047,0,1.3524493679512766e-05
763,-0.54470265,-0.23974264,-0.2469495,-0.23607753,-1.0221932,-0.26468047,0,6.878780379520045e-05
767,3.515131,9.51182,5.5918045,5.7881947,-2.6241403,-0.26468047,1,0.9999999966782978
768,3.515131,9.51182,5.5918045,5.7881947,-2.6241403,-0.26468047,1,0.9999999966782978
769,1.4852144,-0.31713596,-0.2469495,-0.23607753,0.7868593,-0.26468047,0,0.00033552912061718464
770,1.4852144,-0.31713596,-0.2469495,-0.23607753,0.7868593,-0.26468047,0,0.00033552912061718464
771,-0.54470265,-0.23974264,-0.2469495,-0.23607753,0.7868593,-0.26468047,0,1.477270549314612e-05
772,1.4852144,-0.31713596,-0.2469495,-0.23607753,0.7868593,-0.26468047,0,0.00033552912061718464
773,1.4852144,-0.31713596,-0.2469495,-0.23607753,0.7868593,-0.26468047,0,0.00033552912061718464
774,1.4852144,-0.31713596,-0.2469495,-0.23607753,0.7868593,-0.26468047,0,0.00033552912061718464
775,-0.54470265,-0.31713596,-0.2469495,-0.23607753,0.7868593,-0.26468047,0,1.3524493679512766e-05
776,-0.54470265,-0.31713596,-0.2469495,-0.23607753,0.7868593,-0.26468047,0,1.3524493679512766e-05
777,-0.54470265,-0.31713596,-0.2469495,-0.23607753,0.7868593,-0.26468047,0,1.3524493679512766e-05
778,-0.54470265,-0.31713596,-0.2469495,-0.23607753,0.7868593,-0.26468047,0,1.3524493679512766e-05
779,-0.54470265,-0.31713596,-0.2469495,-0.23607753,0.7868593,-0.26468047,0,1.3524493679512766e-05
780,-0.54470265,-0.31713596,-0.2469495,-0.23607753,0.7868593,-0.26468047,0,1.3524493679512766e-05
781,-0.54470265,-0.31713596,-0.2469495,-0.23607753,0.7868593,-0.26468047,0,1.3524493679512766e-05
782,-0.54470265,-0.23974264,-0.2469495,-0.23607753,0.7868593,3.404957,0,0.0002554446498942696
783,-0.54470265,-0.31713596,-0.2469495,-0.23607753,0.7868593,-0.26468047,0,1.3524493679512766e-05
784,-0.54470265,-0.31713596,-0.2469495,-0.23607753,0.7868593,-0.26468047,0,1.3524493679512766e-05
785,-0.54470265,-0.31713596,-0.2469495,-0.23607753,0.7868593,-0.26468047,0,1.3524493679512766e-05
786,-0.54470265,-0.31713596,-0.2469495,-0.23607753,0.7868593,-0.26468047,0,1.3524493679512766e-05
787,-0.54470265,-0.31713596,-0.2469495,-0.23607753,0.7868593,-0.26468047,0,1.3524493679512766e-05
788,-0.54470265,-0.31713596,-0.2469495,-0.23607753,0.7868593,-0.26468047,0,1.3524493679512766e-05
789,-0.54470265,-0.31713596,-0.2469495,-0.23607753,0.7868593,-0.26468047,0,1.3524493679512766e-05
790,-0.54470265,-0.31713596,-0.2469495,-0.23607753,0.7868593,-0.26468047,0,1.3524493679512766e-05
791,-0.54470265,-0.31713596,-0.2469495,-0.23607753,0.7868593,-0.26468047,0,1.3524493679512766e-05
792,-0.54470265,-0.31713596,-0.2469495,-0.23607753,0.7868593,-0.26468047,0,1.3524493679512766e-05
793,-0.54470265,-0.31713596,-0.2469495,-0.23607753,0.7868593,-0.26468047,0,1.3524493679512766e-05
794,-0.54470265,-0.23974264,-0.2469495,-0.23607753,0.7868593,-0.26468047,0,1.477270549314612e-05
795,-0.54470265,-0.23974264,-0.2469495,-0.23607753,0.7868593,-0.26468047,0,1.477270549314612e-05
796,-0.54470265,-0.31713596,-0.2469495,-0.23607753,0.7868593,-0.26468047,0,1.3524493679512766e-05
797,1.4852144,-0.31713596,-0.2469495,-0.23607753,0.7868593,-0.26468047,0,0.00033552912061718464
798,-0.54470265,-0.23974264,-0.2469495,-0.23607753,0.15223534,-0.26468047,0,2.5340733777913083e-05
799,1.4852144,-0.31713596,-0.2469495,-0.23607753,0.15473059,-0.26468047,0,0.0005742073782949534
800,-0.54470265,-0.31713596,-0.2469495,-0.23607753,0.15473059,-0.26468047,0,2.3150431412440392e-05
801,-0.54470265,-0.23974264,-0.2469495,-0.23607753,0.15223534,-0.26468047,0,2.5340733777913083e-05
802,-0.54470265,-0.31713596,-0.2469495,-0.23607753,0.7868593,-0.26468047,0,1.3524493679512766e-05
803,-0.54470265,-0.31713596,-0.2469495,-0.23607753,0.7868593,-0.26468047,0,1.3524493679512766e-05
804,-0.54470265,-0.31713596,-0.2469495,-0.23607753,0.7868593,-0.26468047,0,1.3524493679512766e-05
805,-0.54470265,-0.31713596,-0.2469495,-0.23607753,0.7868593,-0.26468047,0,1.3524493679512766e-05
806,-0.54470265,-0.31713596,-0.2469495,-0.23607753,0.7868593,-0.26468047,0,1.3524493679512766e-05
807,-0.54470265,-0.31713596,-0.2469495,-0.23607753,0.7868593,-0.26468047,0,1.3524493679512766e-05
808,-0.54470265,-0.31713596,-0.2469495,-0.23607753,0.7868593,-0.26468047,0,1.3524493679512766e-05
809,-0.54470265,-0.31713596,-0.2469495,-0.23607753,0.7868593,-0.26468047,0,1.3524493679512766e-05
810,-0.54470265,-0.31713596,-0.2469495,-0.23607753,0.7868593,-0.26468047,0,1.3524493679512766e-05
811,-0.54470265,-0.31713596,-0.2469495,-0.23607753,0.7868593,-0.26468047,0,1.3524493679512766e-05
812,-0.54470265,-0.31713596,-0.2469495,-0.23607753,0.7868593,-0.26468047,0,1.3524493679512766e-05
813,-0.54470265,-0.31713596,-0.2469495,-0.23607753,0.7868593,-0.26468047,0,1.3524493679512766e-05
814,-0.54470265,-0.31713596,-0.2469495,-0.23607753,0.7868593,-0.26468047,0,1.3524493679512766e-05
815,-0.54470265,-0.23974264,-0.2469495,-0.23607753,0.7868593,-0.26468047,0,1.477270549314612e-05
816,-0.54470265,-0.23974264,-0.2469495,-0.23607753,0.7868593,-0.26468047,0,1.477270549314612e-05
817,-0.54470265,-0.23974264,-0.2469495,-0.23607753,0.7868593,-0.26468047,0,1.477270549314612e-05
