,F66,F69,F79,F112,F116,F118,F115,F132,F18,category,1
0,-0.8318135,-0.47047913,0.22830538,0.05230195,1.7505759,-0.036545772,1.5003821,-0.911647,-0.3384457,1,0.9942696200759324
1,-0.8318135,-0.47047913,1.5362606,0.05230195,1.7505759,-0.14218709,1.5003821,-0.911647,-0.3384457,1,0.9976759150354081
2,-0.8318135,-0.47047913,1.5362606,0.05230195,1.7505759,-0.14218709,1.5003821,-0.911647,-0.3384457,1,0.9976759150354081
3,-1.0439308,-0.31567305,0.22830538,-0.87700605,1.7505759,-0.4143329,1.5003821,-0.94376713,-0.3384457,1,0.9810619140143352
4,-0.9119467,2.625642,0.22830538,1.4462639,1.7505759,-0.08766253,0.6910036,-0.68543905,-0.3384457,1,0.9681816084126229
5,-0.9119467,0.14874512,0.22830538,1.4462639,-0.9254915,-0.036545772,0.6910036,-0.68543905,-0.3384457,0,0.016708264856695368
6,-0.9119467,0.9227754,0.22830538,1.4462639,-0.9254915,-0.4143329,0.6910036,-0.68543905,-0.3384457,0,0.008042263037035795
7,-0.9119467,-0.47047913,-1.0796498,1.4462639,0.4125422,0.15438141,0.6910036,-0.68543905,-0.3384457,0,0.5006590396752082
8,-0.9119467,-0.47047913,0.22830538,1.4462639,1.7505759,-0.3083571,0.6910036,-0.68543905,-0.3384457,1,0.9945429625234476
9,-0.9119467,-0.47047913,-1.0796498,1.4462639,0.4125422,0.15438141,0.6910036,-0.68543905,-0.3384457,0,0.5006590396752082
10,-0.16717936,-0.47047913,-1.0796498,-0.87700605,0.4125422,-0.4078659,1.5003821,-0.24008493,2.9546845,0,0.023445708467648613
11,-0.16717936,-0.47047913,-1.0796498,-0.87700605,-0.25647464,0.21051858,-0.9277533,-0.24008493,-0.3384457,0,0.0005867036890336229
12,-0.16717936,-0.47047913,-1.0796498,0.05230195,0.4125422,-0.4078659,-0.118374914,-0.24008493,-0.3384457,0,0.04086905699426499
13,-0.16717936,-0.47047913,-1.0796498,-0.87700605,0.4125422,-0.4078659,-0.9277533,-0.24008493,2.9546845,0,0.0002698763572796262
14,-0.16717936,1.2323875,1.5362606,0.9816101,1.7505759,2.770824,1.5003821,-0.24008493,-0.3384457,1,0.9997629582788068
15,-0.16717936,-0.160867,0.22830538,0.9816101,1.7505759,2.770824,1.5003821,-0.24008493,-0.3384457,1,0.9997368143411178
16,-0.16717936,-0.47047913,-1.0796498,0.9816101,1.081559,0.21051858,1.5003821,-0.24008493,-0.3384457,1,0.9695432247169321
17,-0.16717936,2.935254,1.5362606,0.9816101,1.7505759,-0.4143329,1.5003821,-0.24008493,-0.3384457,1,0.9941121136028791
18,-0.16717936,-0.47047913,-1.0796498,0.9816101,0.4125422,-0.4078659,1.5003821,-0.24008493,-0.3384457,0,0.684331944429528
19,-0.16717936,-0.47047913,-1.0796498,-0.87700605,0.4125422,-0.4078659,1.5003821,-0.24008493,2.9546845,0,0.023445708467648613
20,-0.16717936,-0.47047913,-1.0796498,-0.87700605,0.4125422,-0.4078659,1.5003821,-0.24008493,2.9546845,0,0.023445708467648613
21,-0.16717936,-0.47047913,-1.0796498,-0.87700605,0.4125422,-0.4078659,1.5003821,-0.24008493,-0.3384457,0,0.24952476006122318
22,-0.16717936,-0.47047913,-1.0796498,-0.87700605,0.4125422,-0.4078659,-0.9277533,-0.24008493,-0.3384457,0,0.003724532840791132
23,-0.16717936,-0.47047913,-1.0796498,-0.87700605,0.4125422,-0.4078659,1.5003821,-0.24008493,2.9546845,0,0.023445708467648613
24,-0.16717936,-0.47047913,-1.0796498,-0.87700605,0.4125422,-0.4078659,1.5003821,-0.24008493,2.9546845,0,0.023445708467648613
25,-0.16717936,-0.47047913,-1.0796498,-0.87700605,0.4125422,-0.4078659,1.5003821,-0.24008493,2.9546845,0,0.023445708467648613
26,-0.16717936,-0.47047913,-1.0796498,-0.41235194,-0.25647464,0.21051858,0.2863143,-0.24008493,-0.3384457,0,0.008769113373892521
27,-0.16717936,-0.47047913,-1.0796498,-0.41235194,0.4125422,-0.4078659,0.2863143,-0.24008493,2.9546845,0,0.004051595353541324
28,-0.5348493,1.5419996,0.22830538,-0.87700605,-0.9254915,-0.45086932,-0.9277533,-0.38952342,-0.3384457,0,3.0003913384930614e-05
29,-0.5348493,0.30355117,0.22830538,-0.41235194,-0.9254915,-0.45086932,-0.9277533,-0.38952342,-0.3384457,0,0.00010412704565075427
30,-0.5348493,4.483315,0.22830538,-0.41235194,-0.9254915,-0.45086932,-0.9277533,-0.38952342,-0.3384457,0,7.5984709866523125e-06
31,-0.5348493,-0.47047913,0.22830538,-0.41235194,-0.9254915,-0.45086932,-0.9277533,-0.38952342,-0.3384457,0,0.00016907076731529833
32,-0.5348493,-0.31567305,0.22830538,-0.41235194,-0.9254915,-0.45086932,-0.9277533,-0.38952342,-0.3384457,0,0.000153450626719474
33,-0.5348493,0.30355117,0.22830538,-0.41235194,-0.9254915,-0.45086932,-0.9277533,-0.38952342,-0.3384457,0,0.00010412704565075427
34,-0.5348493,-0.160867,0.22830538,-0.41235194,-0.9254915,-0.45086932,-0.9277533,-0.38952342,-0.3384457,0,0.00013927340407248864
35,-0.5348493,0.30355117,0.22830538,-0.41235194,-0.9254915,-0.45086932,-0.9277533,-0.38952342,-0.3384457,0,0.00010412704565075427
36,-0.5348493,0.30355117,0.22830538,-0.41235194,-0.9254915,-0.45086932,-0.9277533,-0.38952342,-0.3384457,0,0.00010412704565075427
37,-0.5348493,-0.47047913,0.22830538,-0.41235194,-0.9254915,-0.45086932,-0.9277533,-0.38952342,-0.3384457,0,0.00016907076731529833
38,-0.5348493,-0.31567305,0.22830538,-0.41235194,-0.9254915,-0.45086932,-0.9277533,-0.38952342,-0.3384457,0,0.000153450626719474
39,-0.5348493,-0.47047913,0.22830538,-0.87700605,-0.9254915,-0.45086932,-0.9277533,-0.38952342,-0.3384457,0,0.00010581110338722555
40,-0.6196962,-0.47047913,-1.0796498,-0.87700605,0.4125422,-0.4078659,1.5003821,-0.7120919,-0.3384457,0,0.19418181260878506
41,-0.6196962,-0.47047913,-1.0796498,-0.87700605,0.4125422,-0.4078659,1.5003821,-0.7120919,-0.3384457,0,0.19418181260878506
42,-0.6196962,6.960212,0.22830538,-0.87700605,1.7505759,-0.632908,1.5003821,-0.7120919,-0.3384457,0,0.3288138168193007
43,-0.6196962,-0.47047913,-1.0796498,-0.87700605,0.4125422,-0.4078659,-0.9277533,-0.7120919,-0.3384457,0,0.002702162461141749
44,-0.6196962,-0.47047913,-1.0796498,0.05230195,-0.25647464,0.21051858,-0.9277533,-0.7120919,-0.3384457,0,0.0010852398869742616
45,-0.6196962,-0.47047913,-1.0796498,0.05230195,-0.25647464,0.21051858,-0.9277533,-0.7120919,-0.3384457,0,0.0010852398869742616
46,-0.6196962,-0.47047913,-1.0796498,0.05230195,0.4125422,-0.4078659,-0.9277533,-0.7120919,-0.3384457,0,0.006871026840649571
47,0.06850653,-0.47047913,-1.0796498,-0.87700605,0.4125422,-0.4078659,1.5003821,-0.105909206,-0.3384457,0,0.2553467933195706
48,0.06850653,-0.47047913,-1.0796498,-0.87700605,0.4125422,-0.4078659,1.5003821,-0.105909206,-0.3384457,0,0.2553467933195706
49,0.06850653,-0.47047913,-1.0796498,-0.87700605,0.4125422,-0.4078659,1.5003821,-0.105909206,2.9546845,0,0.02416259066399079
50,0.06850653,-0.47047913,-1.0796498,-0.87700605,0.4125422,-0.4078659,-0.9277533,-0.105909206,-0.3384457,0,0.00384078674189545
51,0.06850653,-0.47047913,-1.0796498,-0.41235194,0.4125422,-0.4078659,0.2863143,-0.105909206,-0.3384457,0,0.054912428731693934
52,0.06850653,-0.47047913,-1.0796498,-0.87700605,0.4125422,-0.4078659,-0.9277533,-0.105909206,-0.3384457,0,0.00384078674189545
53,0.06850653,-0.47047913,-1.0796498,-0.87700605,0.4125422,-0.4078659,1.5003821,-0.105909206,-0.3384457,0,0.2553467933195706
54,0.06850653,-0.47047913,-1.0796498,-0.87700605,0.4125422,-0.4078659,-0.9277533,-0.105909206,-0.3384457,0,0.00384078674189545
55,0.06850653,-0.47047913,-1.0796498,-0.87700605,0.4125422,-0.4078659,-0.9277533,-0.105909206,-0.3384457,0,0.00384078674189545
56,0.06850653,-0.47047913,-1.0796498,-0.87700605,0.4125422,-0.4078659,1.5003821,-0.105909206,-0.3384457,0,0.2553467933195706
64,-0.32744575,-0.160867,0.22830538,-0.41235194,1.7505759,-0.45086932,1.5003821,-0.3077423,-0.3384457,1,0.9906950164877636
65,-0.32744575,0.14874512,0.22830538,-0.41235194,1.7505759,-0.45086932,1.5003821,-0.3077423,-0.3384457,1,0.9887263380327083
68,-0.32744575,-0.0060609463,1.5362606,0.05230195,0.4125422,-0.4251954,-0.118374914,-0.3077423,-0.3384457,1,0.18304747233851876
76,-0.32744575,-0.47047913,0.22830538,-0.41235194,1.7505759,-0.45086932,1.5003821,-0.3077423,-0.3384457,1,0.9923225812690363
77,-0.32744575,-0.47047913,0.22830538,-0.41235194,1.7505759,-0.45086932,1.5003821,-0.3077423,-0.3384457,1,0.9923225812690363
57,0.06850653,-0.47047913,-1.0796498,-0.87700605,0.4125422,-0.4078659,-0.9277533,-0.105909206,2.9546845,0,0.00034259080540186715
58,0.06850653,-0.47047913,-1.0796498,-0.87700605,0.4125422,-0.4078659,1.5003821,-0.105909206,2.9546845,0,0.017670037158750037
59,0.06850653,-0.47047913,-1.0796498,-0.87700605,0.4125422,-0.4078659,1.5003821,-0.105909206,-0.3384457,0,0.19013989360793057
60,0.06850653,-0.47047913,-1.0796498,-0.87700605,0.4125422,-0.4078659,1.5003821,-0.105909206,-0.3384457,0,0.19013989360793057
61,-0.32744575,-0.47047913,0.22830538,-0.87700605,-0.9254915,-0.45086932,-0.9277533,-0.3077423,-0.3384457,0,0.00012215827792339426
62,-0.32744575,-0.47047913,0.22830538,-0.41235194,-0.9254915,-0.45086932,-0.9277533,-0.3077423,-0.3384457,0,0.00019272736201910874
63,-0.32744575,-0.47047913,0.22830538,-0.41235194,-0.9254915,-0.45086932,-0.9277533,-0.3077423,-0.3384457,0,0.00019272736201910874
66,-0.32744575,-0.160867,0.22830538,0.05230195,-0.9254915,-0.45086932,-0.118374914,-0.3077423,-0.3384457,0,0.0008963807348730787
67,-0.32744575,-0.0060609463,1.5362606,0.05230195,0.4125422,-0.45086932,-0.118374914,-0.3077423,-0.3384457,0,0.21688003746793247
69,-0.32744575,-0.160867,0.22830538,-0.41235194,-0.9254915,-0.45086932,-0.9277533,-0.3077423,-0.3384457,0,0.00015184943581215133
70,-0.32744575,0.14874512,0.22830538,-0.41235194,-0.9254915,-0.45086932,-0.9277533,-0.3077423,-0.3384457,0,0.00011964077625535855
71,-0.32744575,-0.47047913,0.22830538,-0.41235194,-0.9254915,-0.45086932,-0.9277533,-0.3077423,-0.3384457,0,0.00019272736201910874
72,-0.32744575,-0.47047913,0.22830538,-0.41235194,-0.9254915,-0.45086932,-0.9277533,-0.3077423,-0.3384457,0,0.00019272736201910874
73,-0.32744575,-0.160867,0.22830538,-0.87700605,-0.9254915,-0.4251954,-0.9277533,-0.3077423,-0.3384457,0,9.767493315771413e-05
74,-0.32744575,0.7679693,0.22830538,-0.41235194,-0.9254915,-0.45086932,-0.9277533,-0.3077423,-0.3384457,0,7.426822563611105e-05
75,-0.32744575,1.3871936,0.22830538,-0.41235194,-0.9254915,-0.45086932,-0.9277533,-0.3077423,-0.3384457,0,4.61019590360859e-05
78,-0.32744575,-0.47047913,0.22830538,-0.87700605,-0.9254915,-0.45086932,-0.9277533,-0.3077423,-0.3384457,0,0.00012215827792339426
79,-0.5914139,-0.47047913,0.22830538,-0.87700605,-0.9254915,-0.4143329,-0.9277533,-0.5332669,-0.3384457,0,0.00010633113143382457
80,-0.5914139,-0.47047913,0.22830538,-0.41235194,-0.9254915,2.770824,-0.9277533,-0.5332669,-0.3384457,0,0.001042307023176368
81,-0.5914139,-0.31567305,0.22830538,-0.41235194,-0.9254915,-0.4143329,-0.9277533,-0.5332669,-0.3384457,0,0.00014890836297436785
82,-0.5914139,-0.47047913,-1.0796498,-0.87700605,0.4125422,-0.4078659,-0.9277533,-0.5332669,-0.3384457,0,0.0035764050255708713
83,-0.5914139,0.6131633,0.22830538,1.4462639,-0.9254915,-0.5256185,1.0956928,-0.5332669,-0.3384457,0,0.011356198512402643
84,-0.5914139,4.0188966,4.152171,1.4462639,1.7505759,-0.08766253,1.0956928,-0.5332669,-0.3384457,1,0.9976078054797257
85,-0.5914139,-0.47047913,0.22830538,1.4462639,1.7505759,-0.4639111,1.0956928,-0.5332669,-0.3384457,1,0.9968904888461388
86,-0.5914139,4.0188966,4.152171,1.4462639,1.7505759,-0.08766253,1.0956928,-0.5332669,-0.3384457,1,0.9976078054797257
87,-0.5914139,4.0188966,4.152171,1.4462639,1.7505759,-0.08766253,1.0956928,-0.5332669,-0.3384457,1,0.9976078054797257
88,-0.5914139,4.0188966,4.152171,1.4462639,1.7505759,-0.632908,1.0956928,-0.5332669,-0.3384457,1,0.9967320032315187
89,-0.8365272,-0.47047913,0.22830538,-0.87700605,-0.9254915,-0.4143329,-0.9277533,-0.4578642,-0.3384457,0,0.00013325457582630162
90,-0.5819865,-0.47047913,-1.0796498,-0.87700605,0.4125422,-0.4078659,1.5003821,-0.6478516,2.9546845,0,0.01220589161767577
91,-0.5819865,-0.47047913,-1.0796498,-0.87700605,0.4125422,-0.4078659,1.5003821,-0.6478516,2.9546845,0,0.01220589161767577
92,-0.5819865,-0.47047913,-1.0796498,-0.87700605,0.4125422,0.15438141,1.5003821,-0.6478516,-0.3384457,1,0.18212732363021342
93,-0.5819865,-0.47047913,-1.0796498,-0.87700605,0.4125422,-0.4078659,1.5003821,-0.6478516,2.9546845,0,0.01220589161767577
94,-0.5819865,-0.47047913,-1.0796498,-0.87700605,0.4125422,-0.4078659,1.5003821,-0.6478516,2.9546845,0,0.01220589161767577
95,-0.5819865,-0.47047913,-1.0796498,-0.41235194,0.4125422,-0.4078659,0.2863143,-0.6478516,2.9546845,0,0.002683856142636412
96,-0.5819865,-0.47047913,-1.0796498,-0.87700605,0.4125422,-0.4078659,1.5003821,-0.6478516,2.9546845,0,0.01220589161767577
97,-0.9166604,-0.47047913,0.22830538,-0.87700605,-0.9254915,-0.45086932,-0.9277533,-0.8745152,-0.3384457,0,7.869474422799563e-05
98,-1.0015074,3.8640907,0.22830538,-0.41235194,-0.9254915,-0.4143329,0.2863143,-0.95629627,-0.3384457,0,3.061120800008584e-05
99,-1.0015074,-0.47047913,-1.0796498,-0.41235194,0.4125422,-0.4078659,0.2863143,-0.95629627,2.9546845,0,0.002224389729097417
100,-1.0250759,-0.47047913,0.22830538,-0.87700605,-0.9254915,-0.45086932,-0.9277533,-0.9672308,-0.3384457,0,7.368925012717404e-05
101,-1.006221,-0.31567305,0.22830538,-0.87700605,-0.9254915,-0.5722019,-0.9277533,-0.92577076,-0.3384457,0,6.37991757705166e-05
102,0.087361395,0.45835724,0.22830538,-0.87700605,-0.9254915,-0.5722019,-0.9277533,0.09478488,-0.3384457,0,7.630152038489384e-05
103,0.087361395,0.45835724,0.22830538,-0.87700605,-0.9254915,-0.5722019,-0.9277533,0.09478488,-0.3384457,0,7.630152038489384e-05
104,0.087361395,0.14874512,0.22830538,-0.87700605,-0.9254915,-0.5722019,-0.9277533,0.09478488,-0.3384457,0,9.684388872420245e-05
105,0.087361395,-0.31567305,0.22830538,-0.87700605,-0.9254915,-0.5722019,-0.9277533,0.09478488,-0.3384457,0,0.00013847649348518558
106,0.087361395,-0.47047913,0.22830538,-0.87700605,-0.9254915,-0.5722019,-0.9277533,0.09478488,-0.3384457,0,0.0001560064030536028
107,0.087361395,0.14874512,0.22830538,-0.87700605,-0.9254915,-0.5722019,-0.9277533,0.09478488,-0.3384457,0,9.684388872420245e-05
108,0.087361395,-0.47047913,0.22830538,-0.87700605,-0.9254915,-0.5722019,-0.9277533,0.09478488,-0.3384457,0,0.0001560064030536028
109,0.087361395,-0.31567305,0.22830538,-0.87700605,-0.9254915,-0.5722019,-0.9277533,0.09478488,-0.3384457,0,0.00013847649348518558
110,0.087361395,-0.160867,0.22830538,-0.87700605,1.7505759,2.770824,1.5003821,0.09478488,-0.3384457,1,0.9980571447005777
111,0.087361395,0.45835724,0.22830538,-0.87700605,-0.9254915,-0.5722019,-0.9277533,0.09478488,-0.3384457,0,7.630152038489384e-05
112,0.087361395,-0.160867,0.22830538,-0.87700605,-0.9254915,-0.5722019,-0.9277533,0.09478488,-0.3384457,0,0.00012291612097268487
113,0.087361395,-0.47047913,-1.0796498,-0.87700605,0.4125422,0.15438141,-0.9277533,0.09478488,-0.3384457,0,0.007897766908857493
114,0.087361395,-0.160867,0.22830538,-0.87700605,-0.9254915,-0.5722019,-0.9277533,0.09478488,-0.3384457,0,0.00012291612097268487
115,0.087361395,0.14874512,0.22830538,-0.87700605,-0.9254915,-0.5722019,-0.9277533,0.09478488,-0.3384457,0,9.684388872420245e-05
116,0.087361395,0.14874512,0.22830538,-0.87700605,1.7505759,-0.5722019,1.5003821,0.09478488,-0.3384457,1,0.9834568728075923
128,0.087361395,1.0775815,1.5362606,0.05230195,0.4125422,2.770824,-0.118374914,0.09478488,-0.3384457,1,0.5110718750614928
139,-0.06347756,-0.31567305,0.22830538,0.51695615,1.7505759,-0.632908,-0.32071954,-0.22436656,-0.3384457,1,0.9216076016856988
148,-0.18132052,0.14874512,0.22830538,-0.87700605,1.7505759,-0.632908,1.5003821,0.08316695,-0.3384457,1,0.984841191536482
153,-0.18132052,-0.0060609463,0.22830538,-0.87700605,1.7505759,-0.5256185,1.5003821,0.08316695,-0.3384457,1,0.9873162890031407
155,-0.18132052,0.30355117,0.22830538,0.05230195,1.7505759,2.7328048,0.6910036,0.08316695,-0.3384457,1,0.9962329541307243
156,-0.18132052,-0.31567305,0.22830538,0.05230195,1.7505759,2.7328048,0.6910036,0.08316695,-0.3384457,1,0.9976583286285726
157,-0.18132052,-0.160867,0.22830538,-0.41235194,1.7505759,2.7328048,1.5003821,0.08316695,-0.3384457,1,0.9988869015111647
117,0.087361395,0.45835724,0.22830538,-0.87700605,-0.9254915,-0.5722019,-0.9277533,0.09478488,-0.3384457,0,6.448495777478116e-05
118,0.087361395,0.14874512,0.22830538,-0.87700605,-0.9254915,-0.5722019,-0.9277533,0.09478488,-0.3384457,0,8.266180519879401e-05
119,0.087361395,-0.160867,0.22830538,-0.87700605,-0.9254915,-0.5722019,-0.9277533,0.09478488,-0.3384457,0,0.0001059617508133095
120,0.087361395,0.14874512,0.22830538,-0.87700605,-0.9254915,-0.5722019,-0.9277533,0.09478488,-0.3384457,0,8.266180519879401e-05
121,0.087361395,-0.31567305,0.22830538,-0.87700605,-0.9254915,-0.5722019,-0.9277533,0.09478488,-0.3384457,0,0.00011996932529122022
122,0.087361395,-0.160867,1.5362606,-0.41235194,-0.9254915,-0.5722019,-0.9277533,0.09478488,-0.3384457,0,0.0005842336204813992
123,0.087361395,-0.160867,1.5362606,-0.41235194,-0.9254915,-0.5722019,-0.9277533,0.09478488,-0.3384457,0,0.0005842336204813992
124,0.087361395,0.7679693,0.22830538,-0.87700605,-0.9254915,-0.5722019,-0.9277533,0.09478488,-0.3384457,0,5.0304894092415195e-05
125,0.087361395,0.7679693,0.22830538,-0.87700605,-0.9254915,-0.5722019,-0.9277533,0.09478488,-0.3384457,0,5.0304894092415195e-05
126,0.087361395,-0.0060609463,0.22830538,-0.87700605,-0.9254915,-0.5722019,-0.9277533,0.09478488,-0.3384457,0,9.358954164095427e-05
127,0.087361395,0.14874512,0.22830538,-0.87700605,-0.9254915,-0.5722019,-0.9277533,0.09478488,-0.3384457,0,8.266180519879401e-05
129,0.087361395,1.3871936,0.22830538,0.05230195,-0.9254915,-0.5722019,-0.118374914,0.09478488,-0.3384457,0,0.00028067110290065536
130,0.087361395,1.0775815,1.5362606,0.05230195,0.4125422,-0.5722019,-0.118374914,0.09478488,-0.3384457,0,0.12837838945317276
131,0.087361395,-0.47047913,0.22830538,-0.87700605,-0.9254915,-0.5722019,-0.9277533,0.09478488,-0.3384457,0,0.00013582837760196993
132,0.087361395,-0.47047913,0.22830538,-0.87700605,-0.9254915,-0.5722019,-0.9277533,0.09478488,-0.3384457,0,0.00013582837760196993
133,0.087361395,-0.47047913,0.22830538,-0.87700605,-0.9254915,-0.5722019,-0.9277533,0.09478488,-0.3384457,0,0.00013582837760196993
134,0.087361395,-0.47047913,0.22830538,-0.87700605,-0.9254915,-0.5722019,-0.9277533,0.09478488,-0.3384457,0,0.00013582837760196993
135,0.087361395,-0.47047913,0.22830538,-0.87700605,-0.9254915,-0.5722019,-0.9277533,0.09478488,-0.3384457,0,0.00013582837760196993
136,0.087361395,-0.160867,0.22830538,-0.87700605,-0.9254915,-0.5722019,-0.9277533,0.09478488,-0.3384457,0,0.0001059617508133095
137,-1.0486445,-0.47047913,-1.0796498,-0.87700605,0.4125422,0.15438141,-0.9277533,-0.9590299,-0.3384457,0,0.003161730040428829
138,-0.06347756,-0.47047913,0.22830538,0.51695615,-0.9254915,-0.45086932,-0.32071954,-0.22436656,-0.3384457,0,0.0011373636970744728
140,-0.06347756,-0.47047913,0.22830538,0.51695615,-0.9254915,-0.4143329,-0.32071954,-0.22436656,-0.3384457,0,0.0011680250998860554
141,-0.06347756,-0.31567305,0.22830538,0.51695615,-0.9254915,-0.4143329,-0.32071954,-0.22436656,-0.3384457,0,0.0010317731662778152
142,-0.06347756,-0.47047913,0.22830538,-0.41235194,-0.9254915,2.7328048,-0.9277533,-0.22436656,-0.3384457,0,0.001733876968209841
143,-0.06347756,-0.47047913,0.22830538,-0.41235194,-0.9254915,-0.14218709,-0.9277533,-0.22436656,-0.3384457,0,0.00021357875985936265
144,-0.06347756,0.14874512,0.22830538,0.05230195,-0.9254915,-0.4251954,0.6910036,-0.22436656,-0.3384457,0,0.002148963321196091
145,-0.06347756,-0.47047913,-1.0796498,0.05230195,0.4125422,0.15438141,0.6910036,-0.22436656,-0.3384457,0,0.15749651019051902
146,-0.06347756,-0.47047913,-1.0796498,0.05230195,0.4125422,0.15438141,0.6910036,-0.22436656,-0.3384457,0,0.15749651019051902
147,-0.18132052,-0.47047913,-1.0796498,-0.87700605,0.4125422,0.15438141,-0.9277533,0.08316695,-0.3384457,0,0.008419966114694944
149,-0.18132052,-0.31567305,0.22830538,-0.87700605,-0.9254915,-0.49091697,-0.9277533,0.08316695,-0.3384457,0,0.00013532070827526892
150,-0.18132052,1.8516117,0.22830538,-0.87700605,-0.9254915,-0.08766253,-0.9277533,0.08316695,-0.3384457,0,3.1921612821253875e-05
151,-0.18132052,0.14874512,0.22830538,-0.87700605,-0.9254915,-0.4639111,-0.9277533,0.08316695,-0.3384457,0,9.509316669109832e-05
152,-0.18132052,0.14874512,0.22830538,-0.87700605,-0.9254915,-0.3083571,-0.9277533,0.08316695,-0.3384457,0,0.00010650923506980724
154,-0.18132052,-0.160867,0.22830538,0.05230195,-0.9254915,2.7328048,0.6910036,0.08316695,-0.3384457,0,0.039330130934770065
158,-0.18132052,0.30355117,0.22830538,-0.41235194,1.7505759,2.7328048,1.5003821,0.08316695,-0.3384457,1,0.9988744049923467
159,-0.18132052,0.9227754,0.22830538,-0.41235194,-0.9254915,0.006051538,-0.9277533,0.08316695,-0.3384457,0,0.0001155061682068067
160,-0.18132052,-0.47047913,-1.0796498,-0.41235194,0.4125422,0.15438141,-0.9277533,0.08316695,-0.3384457,0,0.013441032464312178
161,-0.76110774,-0.47047913,1.5362606,0.9816101,-0.9254915,-0.5722019,-0.9277533,-0.6811108,-0.3384457,0,0.001570805537278687
162,-0.76110774,-0.47047913,0.22830538,0.9816101,-0.9254915,-0.5722019,-0.9277533,-0.6811108,-0.3384457,0,0.00045739169289483246
163,-0.76110774,-0.160867,0.22830538,0.9816101,-0.9254915,-0.5722019,-0.9277533,-0.6811108,-0.3384457,0,0.00035684334183661546
164,-0.76110774,0.14874512,0.22830538,0.9816101,-0.9254915,-0.5722019,-0.9277533,-0.6811108,-0.3384457,0,0.0002783923642788241
165,-0.76110774,-0.47047913,1.5362606,0.9816101,-0.9254915,-0.5722019,-0.9277533,-0.6811108,-0.3384457,0,0.001570805537278687
166,-0.76110774,1.0775815,0.22830538,-0.41235194,-0.9254915,-0.5256185,-0.9277533,-0.6811108,-0.3384457,0,3.3110560685653796e-05
167,-0.76110774,0.7679693,0.22830538,-0.41235194,-0.9254915,-0.5256185,-0.9277533,-0.6811108,-0.3384457,0,4.244405540487313e-05
168,0.09207512,0.45835724,0.22830538,-0.41235194,-0.9254915,-0.4251954,-0.9277533,-0.13757378,-0.3384457,0,8.749744977986928e-05
169,0.09207512,-0.47047913,0.22830538,-0.87700605,-0.9254915,-0.14218709,-0.9277533,-0.13757378,-0.3384457,0,0.0001411882652204089
170,0.09207512,-0.47047913,0.22830538,-0.87700605,-0.9254915,-0.4143329,-0.9277533,-0.13757378,-0.3384457,0,0.00011578648292957944
171,0.09207512,-0.47047913,0.22830538,0.05230195,-0.9254915,-0.632908,-0.9277533,-0.13757378,-0.3384457,0,0.0002541315101774292
186,-0.9826525,-0.0060609463,0.22830538,0.05230195,1.7505759,-0.45086932,0.6910036,-0.81437534,-0.3384457,1,0.9562879830355362
188,-1.0533582,0.30355117,0.22830538,-0.87700605,1.7505759,-0.632908,1.5003821,-0.91187483,-0.3384457,1,0.9495130755399224
189,-0.9967936,3.2448664,0.22830538,-0.41235194,1.7505759,2.770824,0.2863143,-0.94969,-0.3384457,1,0.8267667742498904
192,-0.03990898,0.7679693,0.22830538,0.05230195,1.7505759,2.770824,1.5003821,-0.23940152,-0.3384457,1,0.9984948035478792
193,-0.03990898,-0.160867,0.22830538,0.05230195,1.7505759,2.770824,1.5003821,-0.23940152,-0.3384457,1,0.9992848887059873
201,-0.03990898,-0.0060609463,0.22830538,0.51695615,1.7505759,2.770824,0.2863143,-0.23940152,-0.3384457,1,0.9966160347159055
204,-0.03990898,0.30355117,0.22830538,0.05230195,1.7505759,2.770824,1.5003821,-0.23940152,-0.3384457,1,0.9989624357251206
205,-0.03990898,-0.160867,0.22830538,0.05230195,1.7505759,2.770824,1.5003821,-0.23940152,-0.3384457,1,0.9992848887059873
213,-0.8176724,-0.47047913,0.22830538,-0.87700605,1.7505759,-0.45086932,1.5003821,-0.7255323,-0.3384457,1,0.97898758185023
214,-0.8176724,0.30355117,0.22830538,0.05230195,1.7505759,-0.45086932,1.5003821,-0.7255323,-0.3384457,1,0.9847244953006183
215,-0.8176724,-0.47047913,0.22830538,0.05230195,1.7505759,-0.45086932,1.5003821,-0.7255323,-0.3384457,1,0.9917312675922998
216,-0.8176724,-0.31567305,0.22830538,0.05230195,1.7505759,-0.4143329,1.5003821,-0.7255323,-0.3384457,1,0.9908918073132341
221,-0.72339803,-0.47047913,-1.0796498,-0.87700605,0.4125422,-0.4078659,1.5003821,-0.543518,-0.3384457,1,0.1241550710906606
222,-0.72339803,-0.47047913,-1.0796498,-0.87700605,0.4125422,-0.4078659,1.5003821,-0.543518,-0.3384457,1,0.1241550710906606
172,0.09207512,0.6131633,0.22830538,0.05230195,-0.9254915,-0.4143329,-0.9277533,-0.13757378,-0.3384457,0,0.00016000617518325836
173,0.09207512,-0.47047913,-1.0796498,-0.87700605,-0.25647464,0.21051858,-0.9277533,-0.13757378,-0.3384457,0,0.0008982522428152022
174,0.09207512,-0.160867,0.22830538,-0.41235194,-0.9254915,-0.14218709,-0.9277533,-0.13757378,-0.3384457,0,0.0002559545603182721
175,0.09207512,-0.47047913,0.22830538,-0.41235194,-0.9254915,-0.4143329,-0.9277533,-0.13757378,-0.3384457,0,0.0002676882434212905
176,0.09207512,-0.160867,0.22830538,-0.87700605,-0.9254915,-0.5256185,-0.9277533,-0.13757378,-0.3384457,0,0.00013847725005553975
177,0.09207512,-0.47047913,0.22830538,-0.87700605,-0.9254915,-0.45086932,-0.9277533,-0.13757378,-0.3384457,0,0.00018640832199739055
178,-0.8600958,-0.47047913,-1.0796498,-0.87700605,0.4125422,-0.4078659,1.5003821,-0.85014033,2.9546845,0,0.016599085331583493
179,-0.8600958,-0.47047913,-1.0796498,-0.87700605,0.4125422,-0.4078659,1.5003821,-0.85014033,2.9546845,0,0.016599085331583493
180,-0.8600958,-0.47047913,-1.0796498,-0.41235194,0.4125422,-0.4078659,0.2863143,-0.85014033,-0.3384457,0,0.03639332401363539
181,-0.8600958,-0.47047913,-1.0796498,-0.41235194,0.4125422,0.15438141,0.2863143,-0.85014033,-0.3384457,0,0.053802445732158095
182,-0.8600958,-0.47047913,-1.0796498,-0.87700605,0.4125422,-0.4078659,1.5003821,-0.85014033,2.9546845,0,0.016599085331583493
183,-0.8600958,-0.47047913,-1.0796498,-0.87700605,0.4125422,-0.4078659,1.5003821,-0.85014033,2.9546845,0,0.016599085331583493
184,-0.9826525,-0.0060609463,0.22830538,-0.87700605,-0.9254915,-0.45086932,-0.9277533,-0.81437534,-0.3384457,0,9.607574704157479e-05
185,-0.9826525,-0.160867,0.22830538,0.05230195,-0.9254915,-0.45086932,0.6910036,-0.81437534,-0.3384457,0,0.0028045005536770857
187,-0.9826525,-0.47047913,-1.0796498,0.05230195,0.4125422,0.15438141,0.6910036,-0.81437534,-0.3384457,0,0.14234009299240816
190,-1.0345033,0.6131633,0.22830538,-0.87700605,-0.9254915,-0.4251954,-0.9277533,-0.92599857,-0.3384457,0,5.444447668395235e-05
191,-0.8695232,0.7679693,0.22830538,-0.87700605,-0.9254915,-0.45086932,-0.9277533,-0.69409555,-0.3384457,0,5.700346526726176e-05
194,-0.03990898,-0.47047913,-1.0796498,0.05230195,0.4125422,-0.4078659,1.5003821,-0.23940152,2.9546845,0,0.04394666806225382
195,-0.03990898,-0.47047913,-1.0796498,-0.41235194,-0.25647464,0.21051858,0.2863143,-0.23940152,-0.3384457,0,0.008181397360827769
196,-0.03990898,-0.47047913,-1.0796498,-0.41235194,0.4125422,-0.4078659,0.2863143,-0.23940152,-0.3384457,0,0.04996303844114722
197,-0.03990898,2.0064178,0.22830538,-0.41235194,-0.9254915,-0.34441832,0.2863143,-0.23940152,-0.3384457,0,0.0002647379022047128
198,-0.03990898,-0.47047913,-1.0796498,-0.41235194,0.4125422,-0.4078659,0.2863143,-0.23940152,-0.3384457,0,0.04996303844114722
199,-0.03990898,-0.47047913,-1.0796498,-0.87700605,0.4125422,-0.4078659,-0.9277533,-0.23940152,-0.3384457,0,0.005384322111295567
200,-0.03990898,0.9227754,0.22830538,0.51695615,-0.9254915,2.770824,0.2863143,-0.23940152,-0.3384457,0,0.011559764610576279
202,-0.03990898,-0.47047913,-1.0796498,0.51695615,0.4125422,-0.4078659,0.2863143,-0.23940152,-0.3384457,0,0.09325992162311755
203,-0.03990898,-0.47047913,-1.0796498,-0.87700605,0.4125422,-0.4078659,-0.9277533,-0.23940152,-0.3384457,0,0.005384322111295567
206,-0.03990898,-0.47047913,-1.0796498,0.05230195,0.4125422,-0.4078659,1.5003821,-0.23940152,-0.3384457,0,0.33814543331466734
207,-0.03990898,0.6131633,0.22830538,-0.87700605,-0.9254915,-0.4143329,-0.9277533,-0.23940152,-0.3384457,0,7.727568205527604e-05
208,-0.03990898,-0.47047913,-1.0796498,-0.41235194,0.4125422,0.15438141,0.2863143,-0.23940152,-0.3384457,0,0.07336913120302532
209,-0.8176724,-0.47047913,0.22830538,-0.41235194,-0.9254915,-0.45086932,0.2863143,-0.7255323,-0.3384457,0,0.0013818354212678662
210,-0.8176724,-0.47047913,-1.0796498,-0.41235194,0.4125422,-0.4078659,0.2863143,-0.7255323,-0.3384457,0,0.04080552427875237
211,-0.8176724,-0.31567305,0.22830538,-0.41235194,-0.9254915,-0.45086932,-0.9277533,-0.7255323,-0.3384457,0,0.00017638351948356942
212,-0.8176724,-0.160867,0.22830538,-0.41235194,-0.9254915,-0.45086932,-0.9277533,-0.7255323,-0.3384457,0,0.00015621587459383032
217,-0.6621197,-0.31567305,0.22830538,-0.41235194,-0.9254915,-0.45086932,-0.9277533,-0.613909,-0.3384457,0,0.0001869485167354573
218,-0.6621197,-0.47047913,0.22830538,-0.41235194,-0.9254915,-0.45086932,-0.9277533,-0.613909,-0.3384457,0,0.00021108294755458682
219,-0.6621197,-0.47047913,0.22830538,-0.87700605,-0.9254915,-0.45086932,-0.9277533,-0.613909,-0.3384457,0,0.00015094797821716137
220,-0.72339803,-0.47047913,-1.0796498,-0.87700605,0.4125422,-0.4078659,1.5003821,-0.543518,-0.3384457,0,0.1987956788709622
223,-0.72339803,-0.47047913,-1.0796498,-0.87700605,0.4125422,-0.4078659,1.5003821,-0.543518,2.9546845,0,0.021836252002453888
224,-0.72339803,-0.47047913,-1.0796498,-0.87700605,0.4125422,-0.4078659,-0.9277533,-0.543518,2.9546845,0,0.0004623856216640444
225,-0.9119467,-0.31567305,0.22830538,-0.87700605,1.7505759,-0.45086932,1.5003821,-0.835561,-0.3384457,1,0.9824797207352993
226,-0.9119467,0.6131633,0.22830538,-0.41235194,1.7505759,-0.45086932,1.5003821,-0.835561,-0.3384457,1,0.9742552989261412
227,-0.9119467,0.7679693,0.22830538,-0.41235194,1.7505759,-0.45086932,1.5003821,-0.835561,-0.3384457,1,0.971027355904962
228,-0.78939,-0.47047913,0.22830538,-0.87700605,-0.9254915,-0.34441832,-0.9277533,-0.25329745,-0.3384457,0,0.0002551295600474517
229,-0.78939,-0.47047913,0.22830538,-0.87700605,-0.9254915,2.7328048,-0.9277533,-0.25329745,-0.3384457,0,0.002389949969171604
230,-0.78939,-0.47047913,-1.0796498,-0.87700605,-0.25647464,0.21051858,-0.9277533,-0.25329745,-0.3384457,0,0.0011375638074267655
231,-0.19074795,0.30355117,0.22830538,-0.87700605,-0.9254915,-0.4143329,-0.9277533,-0.12709485,-0.3384457,0,0.00011855780175118871
232,-0.19074795,2.625642,1.5362606,0.05230195,-0.9254915,2.770824,-0.9277533,-0.12709485,-0.3384457,0,0.0012764931616582693
233,-0.19074795,1.0775815,1.5362606,0.05230195,-0.9254915,2.770824,-0.9277533,-0.12709485,-0.3384457,0,0.004286704465997151
234,-0.19074795,-0.47047913,0.22830538,0.05230195,-0.9254915,-0.036545772,-0.9277533,-0.12709485,-0.3384457,0,0.000559950828116243
236,-0.19074795,-0.31567305,0.22830538,0.9816101,1.7505759,2.770824,-0.44212633,-0.12709485,-0.3384457,1,0.9938823607234568
242,-0.19074795,0.30355117,0.22830538,3.7695339,1.7505759,-0.49091697,-0.04479505,-0.12709485,-0.3384457,1,0.9924422868280773
247,-0.19074795,-0.47047913,-1.0796498,3.7695339,0.4125422,0.15438141,-0.04479505,-0.12709485,-0.3384457,1,0.5346669425905687
248,-0.19074795,-0.47047913,-1.0796498,3.7695339,0.4125422,0.15438141,-0.04479505,-0.12709485,-0.3384457,1,0.5346669425905687
249,-0.19074795,-0.47047913,-1.0796498,3.7695339,0.4125422,0.15438141,-0.04479505,-0.12709485,-0.3384457,1,0.5346669425905687
255,0.76142305,0.45835724,0.22830538,0.51695615,1.7505759,-0.632908,1.5003821,1.4627395,-0.3384457,1,0.9978092825100308
256,0.76142305,-0.47047913,-1.0796498,0.51695615,0.4125422,0.15438141,1.5003821,1.4627395,-0.3384457,1,0.8330496683670731
257,0.76142305,-0.47047913,-1.0796498,0.51695615,0.4125422,0.15438141,1.5003821,1.4627395,-0.3384457,1,0.8330496683670731
258,0.76142305,-0.47047913,0.22830538,0.51695615,1.7505759,2.770824,1.5003821,1.4627395,-0.3384457,1,0.9999110182307085
260,0.76142305,-0.47047913,-1.0796498,0.51695615,0.4125422,0.15438141,0.2863143,1.4627395,-0.3384457,1,0.418027780731809
266,0.76142305,-0.160867,0.22830538,0.51695615,1.7505759,2.7328048,0.8933482,1.4627395,-0.3384457,1,0.999692676546927
267,0.76142305,-0.47047913,0.22830538,0.51695615,1.7505759,2.770824,0.8933482,1.4627395,-0.3384457,1,0.9997655079241501
235,-0.19074795,-0.0060609463,0.22830538,0.9816101,-0.9254915,-0.5256185,-0.44212633,-0.12709485,-0.3384457,0,0.0017741866453032
237,-0.19074795,8.198661,2.8442159,0.9816101,-0.9254915,2.770824,-0.44212633,-0.12709485,-0.3384457,0,0.00046972343263925403
238,-0.19074795,3.8640907,2.8442159,0.9816101,-0.9254915,-0.34441832,-0.44212633,-0.12709485,-0.3384457,0,0.0011466123846076307
239,-0.19074795,3.8640907,2.8442159,0.9816101,-0.9254915,-0.4143329,-0.44212633,-0.12709485,-0.3384457,0,0.0010893001552635154
240,-0.19074795,0.6131633,0.22830538,3.7695339,-0.9254915,2.770824,-0.04479505,-0.12709485,-0.3384457,0,0.26287080340903307
241,-0.19074795,-0.47047913,-1.0796498,3.7695339,-0.25647464,0.21051858,-0.04479505,-0.12709485,-0.3384457,0,0.2685036013125008
243,-0.19074795,0.30355117,0.22830538,3.7695339,-0.9254915,-0.4143329,-0.04479505,-0.12709485,-0.3384457,0,0.04138449740925844
244,-0.19074795,0.14874512,0.22830538,3.7695339,-0.9254915,-0.4143329,-0.04479505,-0.12709485,-0.3384457,0,0.04613293506721256
245,-0.19074795,1.6968057,0.22830538,3.7695339,-0.9254915,-0.4143329,-0.04479505,-0.12709485,-0.3384457,0,0.015294303125434184
246,-0.19074795,7.42463,0.22830538,3.7695339,-0.9254915,-0.4639111,-0.04479505,-0.12709485,-0.3384457,0,0.00022392713277647963
250,-0.19074795,1.0775815,0.22830538,-0.87700605,-0.9254915,-0.4143329,-0.9277533,-0.12709485,-0.3384457,0,6.69498448409295e-05
251,-0.9166604,-0.31567305,0.22830538,-0.41235194,-0.9254915,-0.45086932,0.2863143,-0.89547306,-0.3384457,0,0.0009989070117894145
252,-0.9166604,-0.47047913,-1.0796498,-0.41235194,0.4125422,-0.4078659,0.2863143,-0.89547306,-0.3384457,0,0.03227395500502031
253,0.76142305,-0.47047913,-1.0796498,-0.41235194,0.4125422,-0.4078659,0.2863143,1.4627395,2.9546845,0,0.01223203359534449
254,0.76142305,1.6968057,0.22830538,-0.41235194,-0.9254915,2.770824,-0.9277533,1.4627395,-0.3384457,0,0.0030495129370826622
259,0.76142305,3.7092845,0.22830538,0.51695615,-0.9254915,-0.4143329,0.2863143,1.4627395,-0.3384457,0,0.0010922774739585395
261,0.76142305,-0.47047913,-1.0796498,0.51695615,0.4125422,0.15438141,0.2863143,1.4627395,-0.3384457,0,0.5070017542834121
262,0.76142305,-0.47047913,0.22830538,0.51695615,-0.9254915,2.770824,0.2863143,1.4627395,-0.3384457,0,0.19577624619892797
263,0.76142305,-0.47047913,-1.0796498,-0.41235194,0.4125422,-0.632908,-0.9277533,1.4627395,-0.3384457,0,0.03433505674076065
264,0.76142305,-0.47047913,-1.0796498,-0.41235194,0.4125422,-0.632908,-0.9277533,1.4627395,-0.3384457,0,0.03433505674076065
265,0.76142305,0.7679693,0.22830538,0.51695615,-0.9254915,-0.45086932,0.8933482,1.4627395,-0.3384457,0,0.02304118317664924
268,0.76142305,-0.47047913,-1.0796498,0.51695615,0.4125422,0.15438141,0.8933482,1.4627395,-0.3384457,1,0.7247061906759612
269,0.76142305,1.2323875,1.5362606,-0.41235194,-0.9254915,2.770824,-0.9277533,1.4627395,-0.3384457,0,0.013200276456778475
270,0.76142305,1.2323875,1.5362606,-0.41235194,-0.9254915,2.770824,-0.9277533,1.4627395,-0.3384457,0,0.013200276456778475
271,0.76142305,-0.47047913,-1.0796498,0.51695615,1.081559,0.21051858,1.5003821,1.4627395,-0.3384457,1,0.9851884910854155
272,0.76142305,-0.47047913,-1.0796498,0.51695615,1.081559,0.21051858,1.5003821,1.4627395,-0.3384457,1,0.9851884910854155
273,0.76142305,-0.47047913,-1.0796498,0.51695615,0.4125422,-0.4078659,1.5003821,1.4627395,2.9546845,1,0.16731368237148234
274,0.76142305,-0.47047913,-1.0796498,0.51695615,0.4125422,0.15438141,1.5003821,1.4627395,-0.3384457,1,0.8707769464848005
275,0.76142305,-0.47047913,-1.0796498,0.05230195,1.081559,0.21051858,1.5003821,1.4627395,-0.3384457,1,0.9768885708224279
276,0.76142305,0.14874512,0.22830538,0.05230195,1.7505759,-0.3894948,1.5003821,1.4627395,-0.3384457,1,0.9980388156769474
277,0.76142305,3.7092845,0.22830538,0.05230195,1.7505759,-0.4143329,1.5003821,1.4627395,-0.3384457,1,0.9734422427255659
278,-0.52070814,-0.47047913,0.22830538,-0.87700605,-0.9254915,2.770824,-0.9277533,-0.5938624,-0.3384457,0,0.0014206776150613716
279,-0.52070814,0.6131633,0.22830538,-0.87700605,-0.9254915,-0.4251954,-0.9277533,-0.5938624,-0.3384457,0,6.146770549168701e-05
280,-0.52070814,-0.31567305,0.22830538,-0.87700605,-0.9254915,-0.5256185,-0.9277533,-0.5938624,-0.3384457,0,0.00011287097955429142
281,-0.52070814,-0.47047913,-1.0796498,-0.87700605,0.4125422,-0.4078659,1.5003821,-0.5938624,-0.3384457,0,0.1458617295610874
282,-0.52070814,-0.47047913,-1.0796498,-0.87700605,0.4125422,-0.4078659,-0.9277533,-0.5938624,-0.3384457,0,0.00396171853398344
283,-0.52070814,-0.47047913,-1.0796498,-0.87700605,0.4125422,-0.4078659,-0.9277533,-0.5938624,-0.3384457,0,0.00396171853398344
284,-0.52070814,-0.31567305,0.22830538,-0.41235194,1.7505759,-0.4143329,1.5003821,-0.5938624,-0.3384457,1,0.985212493645687
285,-0.52070814,0.14874512,0.22830538,-0.41235194,1.7505759,-0.34441832,1.5003821,-0.5938624,-0.3384457,1,0.9803464668500459
286,-0.5442767,-0.31567305,0.22830538,0.51695615,-0.9254915,-0.14218709,-0.9277533,-0.5483019,-0.3384457,0,0.0006186889272866932
287,-0.5442767,-0.160867,0.22830538,0.51695615,-0.9254915,-0.14218709,-0.9277533,-0.5483019,-0.3384457,0,0.0005522951121568244
288,-0.5442767,-0.31567305,0.22830538,0.51695615,-0.9254915,-0.14218709,-0.9277533,-0.5483019,-0.3384457,0,0.0006186889272866932
289,-0.5442767,-0.160867,0.22830538,0.51695615,-0.9254915,-0.14218709,-0.9277533,-0.5483019,-0.3384457,0,0.0005522951121568244
290,-0.5442767,-0.47047913,0.22830538,1.4462639,-0.9254915,-0.45086932,0.2863143,-0.5483019,-0.3384457,0,0.008891347055673118
291,-0.5442767,-0.160867,0.22830538,1.4462639,1.7505759,0.18496019,0.2863143,-0.5483019,-0.3384457,1,0.98922177201248
292,-0.5442767,0.30355117,1.5362606,1.4462639,0.4125422,0.8816627,0.2863143,-0.5483019,-0.3384457,1,0.790538597680857
293,-0.5442767,-0.31567305,0.22830538,1.4462639,1.7505759,0.8816627,0.2863143,-0.5483019,-0.3384457,1,0.9942025387608735
294,-0.5442767,0.30355117,1.5362606,1.4462639,0.4125422,-0.5722019,0.2863143,-0.5483019,-0.3384457,0,0.5648072557907894
295,-0.5442767,-0.47047913,0.22830538,1.4462639,-0.9254915,-0.5722019,0.2863143,-0.5483019,-0.3384457,0,0.008139672639342538
296,-0.5442767,-0.47047913,0.22830538,-0.87700605,-0.9254915,0.18496019,-0.9277533,-0.5483019,-0.3384457,0,0.00022624894801221665
297,-0.5442767,-0.47047913,0.22830538,1.4462639,-0.9254915,-0.45086932,-0.9277533,-0.5483019,-0.3384457,0,0.0013672544386364887
298,-0.5442767,-0.0060609463,0.22830538,1.4462639,-0.9254915,0.006051538,-0.9277533,-0.5483019,-0.3384457,0,0.0013600751489816756
299,-0.5442767,-0.31567305,1.5362606,1.4462639,-0.9254915,2.770824,-0.9277533,-0.5483019,-0.3384457,0,0.03890479283474464
300,-0.5442767,-0.31567305,1.5362606,1.4462639,-0.9254915,2.770824,-0.9277533,-0.5483019,-0.3384457,0,0.03890479283474464
301,-0.5442767,-0.31567305,0.22830538,1.4462639,-0.9254915,-0.34441832,-0.9277533,-0.5483019,-0.3384457,0,0.0013197282799055144
302,-0.5442767,-0.47047913,-1.0796498,1.4462639,0.4125422,-0.632908,-0.9277533,-0.5483019,-0.3384457,0,0.03339957824474249
303,-1.0486445,-0.47047913,-1.0796498,-0.87700605,0.4125422,-0.4078659,-0.9277533,-0.9392111,-0.3384457,0,0.003210824951974343
304,-1.0250759,-0.47047913,0.22830538,-0.41235194,1.7505759,-0.45086932,0.2863143,-0.9565241,-0.3384457,1,0.8972606335815642
305,-1.0250759,0.7679693,0.22830538,-0.41235194,-0.9254915,-0.4143329,0.2863143,-0.9565241,-0.3384457,0,0.00044893878134539227
306,-0.9025193,1.3871936,0.22830538,-0.41235194,-0.9254915,-0.45086932,-0.9277533,-0.6977404,-0.3384457,0,5.454912943700276e-05
314,-0.88837814,1.3871936,1.5362606,0.9816101,1.7505759,-0.632908,0.5291279,-0.82667667,-0.3384457,1,0.9744703227510052
307,-0.9025193,0.14874512,0.22830538,-0.41235194,-0.9254915,-0.45086932,-0.9277533,-0.6977404,-0.3384457,0,0.00010852480214427581
308,-0.6715471,-0.47047913,-1.0796498,-0.87700605,0.4125422,-0.4078659,1.5003821,-0.40865883,2.9546845,0,0.017397197623140286
309,-0.6715471,-0.47047913,-1.0796498,1.910918,0.4125422,0.15438141,-0.5808769,-0.40865883,-0.3384457,0,0.1305941797889439
310,-0.6715471,-0.47047913,-1.0796498,1.910918,0.4125422,0.15438141,-0.5808769,-0.40865883,-0.3384457,0,0.1305941797889439
311,-0.6715471,-0.0060609463,0.22830538,-0.41235194,-0.9254915,-0.4143329,-0.9277533,-0.40865883,-0.3384457,0,0.00016036717795363224
312,-0.6715471,-0.31567305,0.22830538,-0.41235194,-0.9254915,-0.4143329,-0.9277533,-0.40865883,-0.3384457,0,0.00019746447318454326
313,-0.88837814,2.7804482,0.22830538,0.9816101,-0.9254915,2.770824,0.5291279,-0.82667667,-0.3384457,0,0.00475386437231334
315,-0.88837814,2.625642,0.22830538,0.9816101,-0.9254915,-0.632908,0.5291279,-0.82667667,-0.3384457,0,0.0006091815794329485
316,-0.88837814,0.45835724,1.5362606,0.9816101,1.7505759,-0.632908,0.5291279,-0.82667667,-0.3384457,1,0.9903622376900302
317,-0.88837814,-0.47047913,-1.0796498,0.9816101,0.4125422,0.15438141,0.5291279,-0.82667667,-0.3384457,1,0.1996759820404523
318,-0.9025193,0.14874512,0.22830538,6.0928044,1.7505759,-0.4251954,-0.77599484,-0.94262815,-0.3384457,1,0.9980085564303798
319,-1.0627856,-0.160867,0.22830538,-0.87700605,1.7505759,2.770824,1.5003821,-0.8906892,-0.3384457,1,0.9970991194734673
320,-0.9590839,-0.0060609463,0.22830538,-0.87700605,1.7505759,0.006051538,1.5003821,-0.7767879,-0.3384457,1,0.98330494942887
321,-0.8836644,-0.47047913,0.22830538,-0.87700605,-0.9254915,-0.45086932,-0.9277533,-0.8720094,-0.3384457,0,8.354285552022069e-05
322,-0.8836644,-0.47047913,0.22830538,-0.41235194,-0.9254915,-0.45086932,-0.9277533,-0.8720094,-0.3384457,0,0.00012886867807570325
323,-0.8836644,-0.47047913,0.22830538,-0.41235194,-0.9254915,-0.45086932,-0.9277533,-0.8720094,-0.3384457,0,0.00012886867807570325
324,-0.8836644,-0.47047913,0.22830538,-0.41235194,-0.9254915,-0.45086932,-0.9277533,-0.8720094,-0.3384457,0,0.00012886867807570325
325,-0.8836644,-0.47047913,0.22830538,-0.41235194,-0.9254915,-0.45086932,-0.9277533,-0.8720094,-0.3384457,0,0.00012886867807570325
326,-0.23317142,-0.47047913,-1.0796498,-0.87700605,0.4125422,-0.4078659,1.5003821,-0.5141315,-0.3384457,0,0.13901355303071694
327,-0.23317142,-0.47047913,-1.0796498,-0.87700605,0.4125422,-0.4078659,1.5003821,-0.5141315,-0.3384457,0,0.13901355303071694
328,-0.23317142,-0.47047913,-1.0796498,2.3755722,-0.25647464,0.21051858,-0.017202593,-0.5141315,-0.3384457,0,0.03850445682866307
329,-0.23317142,-0.47047913,-1.0796498,2.3755722,1.081559,0.21051858,-0.017202593,-0.5141315,-0.3384457,1,0.8104091271581767
330,-0.23317142,0.9227754,0.22830538,2.3755722,1.7505759,-0.4143329,-0.017202593,-0.5141315,-0.3384457,1,0.9756772210853915
331,-0.23317142,1.5419996,0.22830538,2.3755722,1.7505759,-0.4143329,-0.017202593,-0.5141315,-0.3384457,1,0.9635772483159174
332,-0.23317142,-0.47047913,0.22830538,0.05230195,1.7505759,-0.34441832,1.5003821,-0.5141315,-0.3384457,1,0.9932513338749916
333,-0.23317142,-0.47047913,0.22830538,0.05230195,1.7505759,-0.34441832,1.5003821,-0.5141315,-0.3384457,1,0.9932513338749916
334,-0.23317142,0.6131633,0.22830538,0.05230195,1.7505759,-0.4143329,1.5003821,-0.5141315,-0.3384457,1,0.9854965524017361
335,-0.23317142,1.3871936,0.22830538,-0.87700605,-0.9254915,2.770824,-0.9277533,-0.5141315,-0.3384457,0,0.0002109957462365128
336,-0.6715471,-0.47047913,-1.0796498,-0.87700605,0.4125422,-0.4078659,-0.9277533,-0.38565078,-0.3384457,0,0.004535671463504251
337,-0.6715471,-0.47047913,-1.0796498,-0.87700605,0.4125422,-0.4078659,-0.9277533,-0.38565078,-0.3384457,0,0.004535671463504251
338,-1.0156485,-0.47047913,0.22830538,-0.87700605,1.7505759,-0.45086932,1.5003821,-0.95310706,-0.3384457,1,0.9799913224042633
339,-1.0156485,-0.47047913,0.22830538,-0.87700605,1.7505759,-0.45086932,1.5003821,-0.95310706,-0.3384457,1,0.9799913224042633
340,-0.56784534,0.45835724,0.22830538,0.05230195,-0.9254915,-0.49091697,0.6910036,-0.53782296,-0.3384457,0,0.0019402144091344483
341,-0.56784534,-0.47047913,-1.0796498,0.05230195,0.4125422,0.15438141,0.6910036,-0.53782296,-0.3384457,1,0.14483695135049443
342,-0.56784534,-0.47047913,-1.0796498,0.05230195,0.4125422,0.15438141,0.6910036,-0.53782296,-0.3384457,0,0.14483695135049443
343,-1.0109348,-0.160867,0.22830538,-0.41235194,-0.9254915,-0.45086932,-0.9277533,-0.90823,-0.3384457,0,0.00010680647427026752
344,-1.0109348,-0.0060609463,0.22830538,-0.41235194,-0.9254915,-0.45086932,-0.9277533,-0.90823,-0.3384457,0,9.625146816890266e-05
345,-1.0015074,-0.47047913,0.22830538,-0.87700605,-0.9254915,2.770824,-0.9277533,-0.9410335,-0.3384457,0,0.0006283492631444243
348,-1.0439308,2.470836,2.8442159,0.05230195,0.8585533,-0.4143329,0.6910036,-0.8569744,-0.3384457,0,0.7279395539736898
351,-0.65269226,-0.160867,0.22830538,0.51695615,-0.9254915,-0.632908,0.2863143,-0.6376005,-0.3384457,0,0.0019565757283107237
352,-0.65269226,-0.31567305,0.22830538,0.51695615,-0.9254915,-0.632908,0.2863143,-0.6376005,-0.3384457,0,0.002170692357073493
353,-0.6998294,-0.47047913,0.22830538,-0.87700605,-0.9254915,-0.4143329,-0.9277533,-0.8772488,-0.3384457,0,7.685044391620926e-05
354,-0.6998294,-0.31567305,0.22830538,0.9816101,-0.9254915,-0.5722019,-0.44212633,-0.8772488,-0.3384457,0,0.0007854913962034645
355,-0.6998294,3.8640907,0.22830538,0.9816101,-0.9254915,-0.5722019,-0.44212633,-0.8772488,-0.3384457,0,4.7337190963714796e-05
357,-0.6998294,-0.0060609463,0.22830538,0.9816101,-0.9254915,-0.5722019,-0.44212633,-0.8772488,-0.3384457,0,0.0006379930351319122
358,-0.6998294,-0.31567305,0.22830538,0.9816101,-0.9254915,-0.5722019,-0.44212633,-0.8772488,-0.3384457,0,0.0007854913962034645
359,-0.6998294,-0.31567305,0.22830538,-0.87700605,-0.9254915,0.8816627,-0.9277533,-0.8772488,-0.3384457,0,0.00015778350378407272
360,-0.6998294,0.14874512,0.22830538,-0.41235194,-0.9254915,-0.4143329,-0.9277533,-0.8772488,-0.3384457,0,7.818516172726195e-05
361,-0.6998294,-0.47047913,-1.0796498,-0.41235194,0.4125422,0.15438141,-0.9277533,-0.8772488,-0.3384457,0,0.005241905434384336
362,-0.9637976,1.2323875,0.22830538,-0.87700605,-0.9254915,2.770824,-0.9277533,-0.9319214,-0.3384457,0,0.00019846466927938203
363,-1.0109348,-0.47047913,0.22830538,-0.41235194,-0.9254915,-0.45086932,-0.9277533,-0.9410335,-0.3384457,0,0.0001258441974205124
364,-1.0109348,0.30355117,0.22830538,-0.41235194,-0.9254915,-0.45086932,-0.9277533,-0.9410335,-0.3384457,0,7.479651497669815e-05
365,-0.71868426,0.45835724,0.22830538,-0.87700605,-0.9254915,2.770824,-0.9277533,-0.68657804,-0.3384457,0,0.0004064813286911534
366,-0.71868426,-0.0060609463,0.22830538,-0.41235194,-0.9254915,-0.4143329,-0.9277533,-0.68657804,-0.3384457,0,0.00011324754312126206
369,-0.45471612,-0.47047913,-1.0796498,1.4462639,0.4125422,0.1125448,-0.118374914,-0.4656095,-0.3384457,0,0.14280879968329327
370,-0.45471612,-0.47047913,-1.0796498,1.4462639,0.4125422,0.1125448,-0.118374914,-0.4656095,-0.3384457,0,0.14280879968329327
371,-0.45471612,2.0064178,0.22830538,1.4462639,-0.9254915,-0.4143329,-0.118374914,-0.4656095,-0.3384457,0,0.0007277051095926938
372,-0.45471612,-0.47047913,-1.0796498,1.4462639,0.4125422,-0.4078659,-0.118374914,-0.4656095,-0.3384457,0,0.10689697015486155
373,-0.45471612,-0.47047913,-1.0796498,1.4462639,0.4125422,0.15438141,-0.118374914,-0.4656095,-0.3384457,0,0.14609407270343971
374,-0.45471612,-0.47047913,-1.0796498,-0.87700605,0.4125422,-0.4078659,-0.9277533,-0.4656095,-0.3384457,0,0.0036250190199434117
375,-0.45471612,-0.47047913,-1.0796498,-0.87700605,0.4125422,-0.4078659,1.5003821,-0.4656095,-0.3384457,0,0.16271404674107207
346,-1.0439308,2.470836,2.8442159,0.05230195,0.8585533,2.770824,0.6910036,-0.8569744,-0.3384457,1,0.9342527023847742
347,-1.0439308,2.470836,2.8442159,0.05230195,0.8585533,2.770824,0.6910036,-0.8569744,-0.3384457,1,0.9342527023847742
349,-0.65269226,-0.47047913,-1.0796498,0.51695615,1.081559,0.21051858,0.2863143,-0.6376005,-0.3384457,1,0.5584251609326518
350,-0.65269226,-0.0060609463,0.22830538,0.51695615,1.7505759,-0.4251954,0.2863143,-0.6376005,-0.3384457,1,0.9444940255773241
356,-0.6998294,0.14874512,0.22830538,0.9816101,1.7505759,-0.5722019,-0.44212633,-0.8772488,-0.3384457,1,0.8279708487035282
367,-0.45471612,0.7679693,0.22830538,-0.41235194,1.7505759,2.770824,1.5003821,-0.4656095,-0.3384457,1,0.9968873478749734
368,-0.45471612,-0.47047913,0.22830538,-0.41235194,1.7505759,-0.632908,1.5003821,-0.4656095,-0.3384457,1,0.9865131468037445
376,-0.45471612,1.2323875,0.22830538,0.9816101,1.7505759,2.770824,0.04350079,-0.4656095,-0.3384457,1,0.9871105950592649
377,-0.45471612,-0.47047913,-1.0796498,0.9816101,0.4125422,-0.4078659,0.04350079,-0.4656095,2.9546845,0,0.0073070836996377815
378,-0.45471612,0.14874512,0.22830538,0.9816101,-0.9254915,-0.4639111,0.04350079,-0.4656095,-0.3384457,0,0.0021824816257448847
379,-0.45471612,-0.0060609463,1.5362606,0.9816101,-0.9254915,-0.4639111,0.04350079,-0.4656095,-0.3384457,0,0.007712059625576517
380,-0.45471612,-0.0060609463,1.5362606,0.9816101,-0.9254915,-0.4639111,0.04350079,-0.4656095,-0.3384457,0,0.007712059625576517
381,-0.45471612,-0.47047913,-1.0796498,0.51695615,0.4125422,-0.4078659,0.2863143,-0.4656095,-0.3384457,0,0.08956686683686368
382,-0.45471612,0.14874512,2.8442159,0.51695615,-0.03346906,-0.4639111,0.2863143,-0.4656095,-0.3384457,0,0.2954867658069872
383,-0.45471612,0.14874512,2.8442159,0.51695615,-0.03346906,-0.4639111,0.2863143,-0.4656095,-0.3384457,1,0.2954867658069872
384,-0.45471612,0.7679693,2.8442159,0.51695615,-0.03346906,-0.4639111,0.2863143,-0.4656095,-0.3384457,0,0.20834215430544914
385,-0.45471612,-0.47047913,-1.0796498,0.9816101,0.4125422,-0.4078659,-0.44212633,-0.4656095,2.9546845,0,0.003273386017479803
386,-0.45471612,-0.47047913,0.22830538,0.9816101,-0.9254915,-0.4639111,-0.44212633,-0.4656095,-0.3384457,0,0.0015528368765596774
387,-0.45471612,1.0775815,0.22830538,0.9816101,-0.9254915,-0.4639111,-0.44212633,-0.4656095,-0.3384457,0,0.0004848048655943136
388,-0.45471612,-0.31567305,0.22830538,0.9816101,-0.9254915,-0.4639111,-0.44212633,-0.4656095,-0.3384457,0,0.001382285310033351
389,-0.97322506,-0.47047913,0.22830538,-0.41235194,-0.9254915,-0.45086932,-0.9277533,-0.9162031,-0.3384457,0,0.0001299486440064472
390,-0.97322506,-0.47047913,0.22830538,-0.41235194,-0.9254915,-0.45086932,-0.9277533,-0.9162031,-0.3384457,0,0.0001299486440064472
391,-0.9826525,-0.47047913,-1.0796498,-0.87700605,0.4125422,0.15438141,1.5003821,-0.90481293,-0.3384457,1,0.1722826921446356
392,-1.0486445,0.45835724,0.22830538,-0.41235194,-0.9254915,-0.45086932,-0.9277533,-0.9282766,-0.3384457,0,6.566120567275561e-05
393,-1.0486445,-0.47047913,0.22830538,-0.41235194,-0.9254915,-0.45086932,-0.9277533,-0.9282766,-0.3384457,0,0.00013209728733398234
394,0.40789422,-0.31567305,0.22830538,0.05230195,1.7505759,0.006051538,1.5003821,0.004119444,-0.3384457,1,0.9950310335046545
395,0.40789422,-0.47047913,0.22830538,0.05230195,1.7505759,0.006051538,1.5003821,0.004119444,-0.3384457,1,0.9955751234691449
396,0.40789422,0.45835724,0.22830538,0.05230195,1.7505759,0.006051538,1.5003821,0.004119444,-0.3384457,1,0.991137122123157
397,0.40789422,-0.47047913,-1.0796498,-0.87700605,0.4125422,-0.4078659,1.5003821,0.004119444,-0.3384457,0,0.19521513962535175
398,0.40789422,-0.47047913,-1.0796498,-0.87700605,0.4125422,-0.4078659,1.5003821,0.004119444,-0.3384457,0,0.19521513962535175
399,0.40789422,-0.47047913,-1.0796498,-0.87700605,0.4125422,-0.4078659,1.5003821,0.004119444,-0.3384457,0,0.19521513962535175
400,0.40789422,-0.31567305,0.22830538,0.9816101,1.7505759,2.770824,0.5291279,0.004119444,-0.3384457,1,0.9985509168121598
403,0.40789422,-0.47047913,0.22830538,0.9816101,-0.9254915,-0.036545772,0.5291279,0.004119444,-0.3384457,0,0.013063812264211362
404,0.40789422,-0.47047913,-1.0796498,0.9816101,-0.25647464,0.21051858,0.5291279,0.004119444,-0.3384457,0,0.04505334489829192
406,0.40789422,1.8516117,0.22830538,-0.87700605,-0.9254915,-0.4143329,-0.9277533,0.004119444,-0.3384457,0,2.6252237093990053e-05
407,0.40789422,-0.47047913,-1.0796498,-0.87700605,0.4125422,-0.4078659,1.5003821,0.004119444,-0.3384457,0,0.19521513962535175
408,-0.690402,0.7679693,0.22830538,-0.41235194,-0.9254915,-0.49091697,-0.9277533,-0.06854958,-0.3384457,0,0.00012682785906800901
409,-0.690402,4.328509,0.22830538,-0.41235194,-0.9254915,-0.4251954,-0.9277533,-0.06854958,-0.3384457,0,9.111965776703015e-06
410,-0.690402,-0.31567305,1.5362606,1.910918,-0.9254915,2.770824,-0.5808769,-0.06854958,-0.3384457,0,0.1315363248216538
411,-0.690402,-0.31567305,1.5362606,1.910918,-0.9254915,2.770824,-0.5808769,-0.06854958,-0.3384457,0,0.1315363248216538
412,-0.690402,-0.160867,0.22830538,1.910918,-0.9254915,2.770824,-0.5808769,-0.06854958,-0.3384457,0,0.04088206907458335
413,-0.690402,-0.160867,0.22830538,1.910918,-0.9254915,2.770824,-0.5808769,-0.06854958,-0.3384457,0,0.04088206907458335
414,-0.690402,-0.47047913,0.22830538,1.910918,-0.9254915,-0.4251954,-0.5808769,-0.06854958,-0.3384457,0,0.005573616929473717
415,-0.690402,-0.47047913,0.22830538,1.910918,-0.9254915,-0.4251954,-0.5808769,-0.06854958,-0.3384457,0,0.005573616929473717
416,-0.690402,-0.47047913,-1.0796498,1.910918,0.4125422,0.15438141,-0.5808769,-0.06854958,2.9546845,0,0.016854309174057287
417,-0.690402,-0.0060609463,0.22830538,-0.87700605,-0.9254915,-0.4251954,-0.9277533,-0.06854958,-0.3384457,0,0.00015220608187700246
418,-0.68568826,0.30355117,0.22830538,-0.87700605,-0.9254915,-0.632908,-0.9277533,-0.5763216,-0.3384457,0,5.525626263557434e-05
419,-0.9308016,-0.160867,0.22830538,0.51695615,-0.9254915,2.770824,-0.9277533,-0.87041473,-0.3384457,0,0.002551074738681548
420,-0.9308016,-0.160867,0.22830538,0.51695615,-0.9254915,2.770824,-0.9277533,-0.87041473,-0.3384457,0,0.002551074738681548
421,-0.9308016,-0.47047913,-1.0796498,0.51695615,-0.25647464,0.21051858,-0.9277533,-0.87041473,-0.3384457,0,0.00157568848034071
422,-0.9308016,0.14874512,0.22830538,0.51695615,-0.9254915,-0.3894948,-0.9277533,-0.87041473,-0.3384457,0,0.00021637421963337515
423,-0.3415869,-0.47047913,0.22830538,-0.87700605,-0.9254915,-0.036545772,-0.9277533,-0.16809931,-0.3384457,0,0.00021717446041249127
425,-0.3415869,-0.47047913,-1.0796498,-0.87700605,0.4125422,-0.4078659,1.5003821,-0.16809931,-0.3384457,0,0.21107877573983103
426,-0.3415869,-0.31567305,0.22830538,-0.87700605,-0.9254915,2.7328048,-0.9277533,-0.16809931,-0.3384457,0,0.0013704680713147667
427,-0.3415869,0.45835724,0.22830538,-0.87700605,-0.9254915,-0.4251954,-0.9277533,-0.16809931,-0.3384457,0,8.199767900953681e-05
428,-0.2520263,-0.47047913,-1.0796498,-0.41235194,0.4125422,-0.4078659,0.2863143,-0.611631,-0.3384457,0,0.029937647243943225
429,-0.2520263,-0.47047913,0.22830538,-0.41235194,-0.9254915,-0.4639111,0.2863143,-0.611631,-0.3384457,0,0.0010462705804278765
430,-0.12004218,-0.47047913,-1.0796498,-1.34166,0.4125422,-0.027975896,0.2863143,-0.3722104,-0.3384457,0,0.02063330228654999
431,0.011941915,-0.31567305,0.22830538,0.05230195,-0.9254915,-0.4143329,-0.9277533,-0.4141261,-0.3384457,0,0.00022974681963409694
432,0.011941915,-0.160867,0.22830538,0.05230195,-0.9254915,-0.4143329,-0.9277533,-0.4141261,-0.3384457,0,0.0002044834529810796
433,0.011941915,0.30355117,0.22830538,0.05230195,-0.9254915,-0.4143329,-0.9277533,-0.4141261,-0.3384457,0,0.00014417083775054385
401,0.40789422,-0.47047913,1.5362606,0.9816101,1.7505759,2.770824,0.5291279,0.004119444,-0.3384457,1,0.9996748698770038
402,0.40789422,-0.47047913,1.5362606,0.9816101,1.7505759,2.770824,0.5291279,0.004119444,-0.3384457,1,0.9996748698770038
405,0.40789422,0.30355117,0.22830538,-0.87700605,1.7505759,-0.632908,1.5003821,0.004119444,-0.3384457,1,0.9737550881242465
424,-0.3415869,-0.47047913,0.22830538,-0.87700605,1.7505759,-0.4143329,1.5003821,-0.16809931,-0.3384457,1,0.9903438890769347
434,0.011941915,-0.31567305,0.22830538,1.4462639,-0.9254915,-0.632908,-0.9277533,-0.4141261,-0.3384457,0,0.0006122426385886283
435,0.011941915,-0.31567305,0.22830538,1.4462639,-0.9254915,-0.632908,-0.9277533,-0.4141261,-0.3384457,0,0.0006122426385886283
436,0.011941915,-0.31567305,1.5362606,1.4462639,-0.9254915,-0.632908,-0.9277533,-0.4141261,-0.3384457,0,0.001946754690506281
437,0.011941915,-0.31567305,1.5362606,1.4462639,-0.9254915,-0.632908,-0.9277533,-0.4141261,-0.3384457,0,0.001946754690506281
438,0.011941915,-0.31567305,0.22830538,1.4462639,-0.9254915,-0.4143329,-0.9277533,-0.4141261,-0.3384457,0,0.0007213707590874355
439,0.011941915,-0.31567305,0.22830538,-0.87700605,-0.9254915,-0.4143329,-0.9277533,-0.4141261,-0.3384457,0,8.02672003210874e-05
440,-0.12004218,-0.47047913,-1.0796498,-0.41235194,0.4125422,-0.4078659,0.2863143,-0.3722104,2.9546845,0,0.00224740985692891
441,-0.12004218,0.9227754,0.22830538,-0.41235194,-0.9254915,-0.4143329,-0.9277533,-0.3722104,-0.3384457,0,5.0919168893309316e-05
442,-0.12004218,-0.47047913,-1.0796498,-0.87700605,0.4125422,-0.4078659,1.5003821,-0.3722104,-0.3384457,0,0.18296840986803514
443,-0.12004218,-0.47047913,0.22830538,-0.41235194,-0.9254915,-0.5722019,-0.9277533,-0.3722104,-0.3384457,0,0.00014172988646896946
444,-0.12004218,-0.47047913,0.22830538,-0.41235194,-0.9254915,-0.5722019,-0.9277533,-0.3722104,-0.3384457,0,0.00014172988646896946
445,-0.12004218,-0.47047913,-1.0796498,-1.34166,0.4125422,-0.027975896,0.2863143,-0.3722104,2.9546845,0,0.0012429411497857118
446,-0.12004218,-0.160867,0.22830538,0.05230195,-0.9254915,-0.5722019,-0.9277533,-0.3722104,-0.3384457,0,0.00017060165558674647
447,-0.12004218,-0.0060609463,0.22830538,0.05230195,-0.9254915,-0.5722019,-0.9277533,-0.3722104,-0.3384457,0,0.00015026899150409766
448,-0.92608786,-0.47047913,0.22830538,-0.87700605,-0.9254915,-0.45086932,-0.9277533,-0.87109816,-0.3384457,0,8.839159967048922e-05
449,-0.92608786,-0.47047913,-1.0796498,-0.87700605,0.4125422,-0.4078659,-0.9277533,-0.87109816,-0.3384457,0,0.002895119212406376
450,-0.92608786,-0.47047913,-1.0796498,-0.87700605,0.4125422,-0.4078659,-0.9277533,-0.87109816,-0.3384457,0,0.002895119212406376
451,-0.76582146,-0.47047913,-1.0796498,-0.87700605,0.4125422,-0.4078659,1.5003821,-0.6480794,2.9546845,0,0.012344313441833718
452,-0.76582146,-0.47047913,-1.0796498,-0.87700605,0.4125422,-0.4078659,1.5003821,-0.6480794,2.9546845,0,0.012344313441833718
453,-0.76582146,-0.47047913,-1.0796498,-0.87700605,0.4125422,-0.4078659,-0.9277533,-0.6480794,-0.3384457,0,0.0034167234117098355
454,-0.76582146,-0.47047913,-1.0796498,-0.87700605,0.4125422,-0.4078659,-0.9277533,-0.6480794,2.9546845,0,0.00018341429578095836
455,-0.76582146,-0.47047913,-1.0796498,-0.87700605,0.4125422,-0.4078659,1.5003821,-0.6480794,2.9546845,0,0.012344313441833718
456,-0.76582146,-0.47047913,-1.0796498,-0.87700605,0.4125422,-0.4078659,1.5003821,-0.6480794,2.9546845,0,0.012344313441833718
457,-0.76582146,-0.47047913,-1.0796498,-0.87700605,0.4125422,-0.4078659,1.5003821,-0.6480794,-0.3384457,0,0.1893545354461083
458,-0.76582146,-0.47047913,-1.0796498,-0.87700605,0.4125422,-0.4078659,1.5003821,-0.6480794,2.9546845,0,0.012344313441833718
459,-0.76582146,-0.47047913,-1.0796498,-0.87700605,0.4125422,-0.4078659,-0.9277533,-0.6480794,2.9546845,0,0.00018341429578095836
460,-0.87423694,-0.47047913,0.22830538,-0.87700605,-0.9254915,-0.45086932,-0.9277533,-0.8398892,-0.3384457,0,8.900966937834117e-05
461,-0.87423694,-0.47047913,0.22830538,-0.41235194,-0.9254915,-0.45086932,-0.9277533,-0.8398892,-0.3384457,0,0.0001381006455078751
462,-0.87423694,-0.47047913,0.22830538,-0.41235194,-0.9254915,-0.45086932,-0.9277533,-0.8398892,-0.3384457,0,0.0001381006455078751
463,0.5021686,-0.47047913,-1.0796498,-0.87700605,0.4125422,-0.4078659,1.5003821,-0.020255433,-0.3384457,0,0.19177544841084507
464,0.5021686,-0.0060609463,0.22830538,-0.41235194,1.7505759,2.770824,0.2863143,-0.020255433,-0.3384457,1,0.9907332724052862
465,0.5021686,-0.47047913,0.22830538,-0.41235194,-0.9254915,2.770824,0.2863143,-0.020255433,-0.3384457,0,0.01503078131577444
466,0.5021686,-0.47047913,-1.0796498,-0.87700605,0.4125422,-0.4078659,1.5003821,-0.020255433,-0.3384457,0,0.19177544841084507
467,0.5021686,-0.31567305,0.22830538,-0.87700605,-0.9254915,-0.45086932,-0.9277533,-0.020255433,-0.3384457,0,9.338410261288608e-05
468,0.5021686,-0.0060609463,0.22830538,-0.41235194,-0.9254915,0.006051538,-0.9277533,-0.020255433,-0.3384457,0,0.00015841328465436309
469,0.5021686,-0.47047913,0.22830538,-0.41235194,-0.9254915,-0.036545772,-0.9277533,-0.020255433,-0.3384457,0,0.0002245117250880441
470,0.5021686,-0.31567305,0.22830538,0.51695615,-0.9254915,0.006051538,-0.32071954,-0.020255433,-0.3384457,0,0.001410553246254893
471,0.5021686,0.14874512,1.5362606,0.51695615,-0.9254915,2.770824,-0.32071954,-0.020255433,-0.3384457,0,0.023919074853572718
472,0.5021686,-0.47047913,0.22830538,0.51695615,1.7505759,-0.632908,-0.32071954,-0.020255433,-0.3384457,1,0.9105240899051851
473,0.5021686,0.14874512,1.5362606,0.51695615,-0.9254915,-0.34441832,-0.32071954,-0.020255433,-0.3384457,0,0.0023565757704149277
474,0.5021686,-0.47047913,-1.0796498,-0.87700605,0.4125422,0.5787486,-0.9277533,-0.020255433,-0.3384457,0,0.007252852975578326
475,0.5021686,4.792927,0.22830538,-0.41235194,1.7505759,2.770824,1.5003821,-0.020255433,-0.3384457,1,0.9452188169902538
476,0.5021686,-0.47047913,-1.0796498,-0.41235194,0.4125422,-0.4078659,1.5003821,-0.020255433,-0.3384457,0,0.26909324079915303
477,0.5021686,-0.47047913,-1.0796498,-0.41235194,0.4125422,0.15438141,-0.9277533,-0.020255433,-0.3384457,0,0.008175026464023839
478,0.5021686,-0.47047913,0.22830538,-0.87700605,-0.9254915,-0.34441832,-0.9277533,-0.020255433,-0.3384457,0,0.00011484245551184696
479,0.5021686,-0.47047913,-1.0796498,0.9816101,0.4125422,0.1125448,-0.9277533,-0.020255433,-0.3384457,0,0.028972189500782855
480,0.5021686,-0.47047913,-1.0796498,0.9816101,0.4125422,0.1125448,-0.9277533,-0.020255433,-0.3384457,0,0.028972189500782855
481,0.5021686,-0.47047913,-1.0796498,0.9816101,0.4125422,0.1125448,-0.9277533,-0.020255433,-0.3384457,0,0.028972189500782855
482,0.5021686,0.14874512,0.22830538,0.9816101,-0.9254915,-0.4143329,-0.9277533,-0.020255433,-0.3384457,0,0.00038002743680132505
483,0.5021686,0.14874512,0.22830538,0.9816101,-0.9254915,-0.4143329,-0.9277533,-0.020255433,-0.3384457,0,0.00038002743680132505
495,2.3075225,-0.47047913,-1.0796498,-0.41235194,0.4125422,-0.4078659,0.2863143,2.267338,2.9546845,1,0.011859808455382669
509,2.3075225,-0.47047913,-1.0796498,-0.41235194,0.4125422,-0.632908,1.5003821,2.267338,-0.3384457,1,0.6099233911391531
510,2.3075225,-0.47047913,-1.0796498,-0.41235194,0.4125422,-0.632908,1.5003821,2.267338,-0.3384457,1,0.6099233911391531
511,2.3075225,-0.47047913,-1.0796498,-0.87700605,0.4125422,-0.4078659,1.5003821,2.267338,-0.3384457,1,0.544058775500416
512,2.3075225,-0.47047913,0.22830538,0.51695615,1.7505759,0.18496019,1.5003821,2.267338,-0.3384457,1,0.9995543355920642
513,2.3075225,-0.47047913,-1.0796498,0.51695615,1.081559,0.21051858,1.5003821,2.267338,-0.3384457,1,0.986180234906294
514,2.3075225,-0.47047913,-1.0796498,0.51695615,1.081559,0.21051858,1.5003821,2.267338,-0.3384457,1,0.986180234906294
484,0.5021686,-0.47047913,0.22830538,-0.87700605,-0.9254915,-0.4143329,-0.9277533,-0.020255433,-0.3384457,0,0.0001739977116298287
485,-1.0297897,-0.0060609463,0.22830538,-0.87700605,-0.9254915,-0.49091697,-0.9277533,-0.9077744,-0.3384457,0,6.890797221530443e-05
486,2.3075225,-0.47047913,-1.0796498,-0.87700605,0.4125422,-0.4078659,1.5003821,2.267338,2.9546845,0,0.21497487774388163
487,2.3075225,-0.47047913,0.22830538,0.9816101,-0.9254915,-0.036545772,-0.9277533,2.267338,-0.3384457,0,0.00961784854482721
488,2.3075225,-0.47047913,0.22830538,0.9816101,-0.9254915,-0.14218709,-0.9277533,2.267338,-0.3384457,0,0.008875424053644002
489,2.3075225,-0.47047913,0.22830538,0.9816101,-0.9254915,-0.14218709,-0.9277533,2.267338,-0.3384457,0,0.008875424053644002
490,2.3075225,-0.47047913,0.22830538,0.9816101,-0.9254915,-0.14218709,-0.9277533,2.267338,-0.3384457,0,0.008875424053644002
491,2.3075225,-0.47047913,0.22830538,0.9816101,-0.9254915,-0.14218709,-0.9277533,2.267338,-0.3384457,0,0.008875424053644002
492,2.3075225,-0.47047913,-1.0796498,-0.87700605,0.4125422,-0.4078659,1.5003821,2.267338,2.9546845,0,0.21497487774388163
493,2.3075225,-0.47047913,-1.0796498,-0.87700605,0.4125422,-0.4078659,1.5003821,2.267338,2.9546845,0,0.21497487774388163
494,2.3075225,-0.47047913,-1.0796498,-0.87700605,0.4125422,-0.4078659,1.5003821,2.267338,2.9546845,0,0.21497487774388163
496,2.3075225,-0.47047913,-1.0796498,-1.34166,0.4125422,-0.027975896,0.2863143,2.267338,-0.3384457,0,0.22771978291082431
497,2.3075225,-0.47047913,-1.0796498,-0.41235194,0.4125422,-0.4078659,0.2863143,2.267338,2.9546845,0,0.06285518841270557
498,2.3075225,-0.47047913,-1.0796498,-1.34166,0.4125422,-0.027975896,0.2863143,2.267338,-0.3384457,0,0.22771978291082431
499,2.3075225,-0.47047913,-1.0796498,-0.87700605,0.4125422,-0.4078659,1.5003821,2.267338,2.9546845,0,0.21497487774388163
500,2.3075225,-0.47047913,0.22830538,0.05230195,-0.9254915,-0.14218709,-0.9277533,2.267338,-0.3384457,0,0.004077029893614683
501,2.3075225,-0.47047913,0.22830538,0.05230195,-0.9254915,-0.14218709,-0.9277533,2.267338,-0.3384457,0,0.004077029893614683
502,2.3075225,-0.47047913,0.22830538,0.05230195,-0.9254915,-0.14218709,-0.9277533,2.267338,-0.3384457,0,0.004077029893614683
503,2.3075225,-0.47047913,0.22830538,1.4462639,-0.9254915,-0.45086932,-0.5230642,2.267338,-0.3384457,0,0.018675104957663547
504,2.3075225,-0.31567305,0.22830538,1.4462639,-0.9254915,-0.45086932,-0.5230642,2.267338,-0.3384457,0,0.016552847429549603
505,2.3075225,-0.160867,0.22830538,1.4462639,-0.9254915,-0.5256185,-0.5230642,2.267338,-0.3384457,0,0.013861628840131408
506,2.3075225,-0.31567305,0.22830538,1.4462639,-0.9254915,-0.5256185,-0.5230642,2.267338,-0.3384457,0,0.015644330948430627
507,2.3075225,-0.47047913,-1.0796498,1.4462639,0.4125422,-0.4078659,-0.5230642,2.267338,2.9546845,0,0.08824135677283079
508,2.3075225,-0.47047913,0.22830538,1.4462639,-0.9254915,-0.5256185,-0.5230642,2.267338,-0.3384457,0,0.017652197416091336
515,2.3075225,-0.47047913,-1.0796498,0.51695615,1.081559,0.21051858,1.5003821,2.267338,-0.3384457,1,0.9909474554050737
516,2.3075225,-0.47047913,-1.0796498,-0.87700605,0.4125422,-0.4078659,1.5003821,2.267338,-0.3384457,1,0.6630117690280033
517,2.3075225,-0.47047913,-1.0796498,-0.87700605,0.4125422,0.15438141,1.5003821,2.267338,-0.3384457,0,0.7518104572238439
518,2.3075225,-0.31567305,0.22830538,-0.87700605,-0.9254915,-0.5722019,-0.9277533,2.267338,-0.3384457,0,0.0011884754502880283
519,2.3075225,-0.47047913,-1.0796498,-0.87700605,0.4125422,-0.4078659,1.5003821,2.267338,2.9546845,0,0.21497487774388163
520,2.3075225,-0.47047913,-1.0796498,-0.87700605,0.4125422,-0.4078659,1.5003821,2.267338,2.9546845,0,0.21497487774388163
521,2.3075225,-0.47047913,-1.0796498,-0.87700605,0.4125422,-0.4078659,-0.9277533,2.267338,2.9546845,0,0.007453715278504316
522,2.3075225,-0.47047913,-1.0796498,-0.87700605,0.4125422,-0.4078659,-0.9277533,2.267338,2.9546845,0,0.007453715278504316
523,2.3075225,-0.31567305,0.22830538,-0.87700605,-0.9254915,-0.5722019,-0.9277533,2.267338,-0.3384457,0,0.0011884754502880283
524,2.3075225,-0.47047913,-1.0796498,-0.87700605,0.4125422,-0.4078659,-0.9277533,2.267338,2.9546845,0,0.007453715278504316
525,2.3075225,-0.47047913,-1.0796498,-0.87700605,0.4125422,-0.4078659,1.5003821,2.267338,2.9546845,0,0.21497487774388163
526,2.3075225,-0.31567305,0.22830538,-0.41235194,-0.9254915,-0.4143329,-0.9277533,2.267338,-0.3384457,0,0.0019826218214642442
527,2.3075225,-0.31567305,0.22830538,-0.41235194,-0.9254915,-0.5722019,-0.9277533,2.267338,-0.3384457,0,0.0017567680212377732
528,2.3075225,0.45835724,0.22830538,-0.87700605,-0.9254915,-0.4143329,-0.9277533,2.267338,-0.3384457,0,0.0007263937579995168
529,2.3075225,-0.47047913,0.22830538,0.9816101,-0.9254915,-0.036545772,-0.9277533,2.267338,-0.3384457,0,0.00961784854482721
530,2.3075225,-0.47047913,0.22830538,0.9816101,-0.9254915,-0.14218709,-0.9277533,2.267338,-0.3384457,0,0.008875424053644002
531,2.3075225,-0.47047913,0.22830538,0.9816101,-0.9254915,-0.14218709,-0.9277533,2.267338,-0.3384457,0,0.008875424053644002
532,2.3075225,-0.47047913,0.22830538,0.9816101,-0.9254915,-0.14218709,-0.9277533,2.267338,-0.3384457,0,0.008875424053644002
533,2.3075225,-0.47047913,0.22830538,0.9816101,-0.9254915,-0.14218709,-0.9277533,2.267338,-0.3384457,0,0.008875424053644002
534,2.3075225,-0.47047913,-1.0796498,1.4462639,0.4125422,-0.4078659,-0.5230642,2.267338,2.9546845,0,0.08824135677283079
535,2.3075225,-0.47047913,-1.0796498,-1.34166,0.4125422,-0.027975896,0.2863143,2.267338,-0.3384457,0,0.22771978291082431
536,-0.92137414,-0.47047913,-1.0796498,-1.34166,0.4125422,-0.027975896,0.2863143,-0.8975233,2.9546845,0,0.0027587495213264287
537,2.3075225,-0.47047913,-1.0796498,-1.34166,0.4125422,-0.027975896,0.2863143,2.267338,-0.3384457,0,0.22771978291082431
538,2.3075225,0.7679693,0.22830538,0.51695615,1.7505759,-0.632908,-0.32071954,2.267338,-0.3384457,1,0.9804231110913002
539,2.3075225,-0.47047913,0.22830538,0.51695615,-0.9254915,-0.5722019,-0.32071954,2.267338,-0.3384457,0,0.010582767286853608
540,2.3075225,0.14874512,0.22830538,0.51695615,-0.9254915,-0.5722019,-0.32071954,2.267338,-0.3384457,0,0.006502381215788401
546,2.3075225,0.14874512,0.22830538,-0.87700605,1.7505759,-0.632908,1.5003821,2.267338,-0.3384457,1,0.9973431745127949
547,2.3075225,0.45835724,0.22830538,-0.87700605,1.7505759,-0.632908,1.5003821,2.267338,-0.3384457,1,0.9966061000172391
548,2.3075225,0.30355117,0.22830538,-0.41235194,1.7505759,-0.632908,1.5003821,2.267338,-0.3384457,1,0.9979676801790405
549,2.3075225,-0.47047913,-1.0796498,-0.41235194,0.4125422,-0.632908,1.5003821,2.267338,-0.3384457,1,0.7100011651095851
550,2.3075225,-0.47047913,-1.0796498,-0.41235194,0.4125422,-0.632908,1.5003821,2.267338,-0.3384457,1,0.7100011651095851
551,2.3075225,-0.47047913,-1.0796498,-0.41235194,0.4125422,-0.632908,1.5003821,2.267338,-0.3384457,1,0.7100011651095851
552,2.3075225,-0.47047913,-1.0796498,-0.41235194,0.4125422,0.5787486,1.5003821,2.267338,-0.3384457,1,0.8612108418986787
553,2.3075225,-0.47047913,-1.0796498,-0.41235194,0.4125422,0.5787486,1.5003821,2.267338,-0.3384457,1,0.8612108418986787
554,2.3075225,2.935254,0.22830538,2.3755722,1.7505759,2.770824,-0.017202593,2.267338,-0.3384457,1,0.998911713773832
555,2.3075225,-0.47047913,0.22830538,2.3755722,1.7505759,-0.632908,-0.017202593,2.267338,-0.3384457,1,0.9990042541181442
559,2.3075225,-0.160867,0.22830538,0.9816101,1.7505759,2.770824,0.04350079,2.267338,-0.3384457,1,0.9997236928425292
541,2.3075225,0.14874512,0.22830538,0.51695615,-0.9254915,-0.5722019,-0.32071954,2.267338,-0.3384457,0,0.0056961426534548045
542,2.3075225,0.30355117,1.5362606,0.51695615,-0.9254915,-0.4251954,-0.9277533,2.267338,-0.3384457,0,0.006713550761174897
543,2.3075225,-0.31567305,1.5362606,0.51695615,-0.9254915,-0.5722019,-0.9277533,2.267338,-0.3384457,0,0.009493337761427582
544,2.3075225,0.30355117,1.5362606,0.51695615,-0.9254915,-0.5722019,-0.9277533,2.267338,-0.3384457,0,0.006022471332274815
545,2.3075225,-0.31567305,1.5362606,0.51695615,-0.9254915,-0.5722019,-0.9277533,2.267338,-0.3384457,0,0.009493337761427582
556,2.3075225,-0.160867,0.22830538,2.3755722,-0.9254915,-0.49091697,-0.017202593,2.267338,-0.3384457,0,0.06505014492766203
557,2.3075225,-0.47047913,-1.0796498,2.3755722,0.4125422,-0.4078659,-0.017202593,2.267338,2.9546845,0,0.26650737195765545
558,2.3075225,-0.47047913,-1.0796498,-1.34166,0.4125422,-0.027975896,0.2863143,2.267338,-0.3384457,0,0.19539301272166193
560,2.3075225,-0.47047913,-1.0796498,0.9816101,0.4125422,-0.4078659,0.04350079,2.267338,2.9546845,0,0.09714692278983857
561,2.3075225,-0.160867,0.22830538,0.9816101,1.7505759,2.770824,0.04350079,2.267338,-0.3384457,1,0.9997093972217944
562,2.3075225,-0.47047913,-1.0796498,0.9816101,0.4125422,-0.4078659,0.04350079,2.267338,2.9546845,0,0.09714692278983857
563,0.5021686,-0.47047913,-1.0796498,-1.34166,0.4125422,-0.027975896,0.2863143,-0.020255433,-0.3384457,0,0.026774256797683808
564,2.3075225,-0.47047913,-1.0796498,-0.87700605,0.4125422,-0.4078659,1.5003821,2.267338,2.9546845,0,0.14684157015882718
565,2.3075225,0.9227754,0.22830538,0.05230195,1.7505759,-0.4143329,0.6910036,2.267338,-0.3384457,1,0.9938417611960365
566,2.3075225,-0.47047913,-1.0796498,0.05230195,0.4125422,-0.4078659,0.6910036,2.267338,2.9546845,0,0.10740368904218889
567,2.3075225,-0.31567305,0.22830538,-0.87700605,-0.9254915,-0.4251954,-0.9277533,2.267338,-0.3384457,0,0.0009660896340878115
568,-0.6998294,-0.47047913,-1.0796498,0.05230195,0.4125422,-0.4078659,-0.118374914,-0.8786156,2.9546845,0,0.0021935280960491224
569,-0.6998294,-0.0060609463,0.22830538,0.05230195,-0.9254915,-0.45086932,-0.9277533,-0.8786156,-0.3384457,0,0.00011293345637947266
570,-0.6998294,-0.47047913,0.22830538,0.05230195,-0.9254915,-0.45086932,-0.9277533,-0.8786156,-0.3384457,0,0.00015928504801571668
571,-0.6998294,0.7679693,0.22830538,0.05230195,-0.9254915,-0.4143329,-0.9277533,-0.8786156,-0.3384457,0,6.541682486799414e-05
572,-0.6998294,-0.47047913,-1.0796498,0.05230195,0.4125422,0.1125448,-0.9277533,-0.8786156,-0.3384457,0,0.009761469166407823
573,-0.6998294,-0.47047913,-1.0796498,0.05230195,0.4125422,0.1125448,-0.9277533,-0.8786156,-0.3384457,0,0.009761469166407823
574,-0.6998294,-0.47047913,-1.0796498,0.05230195,0.4125422,0.1125448,-0.9277533,-0.8786156,-0.3384457,0,0.009761469166407823
575,-0.8836644,-0.0060609463,4.152171,0.9816101,-0.25647464,-0.632908,-0.44212633,-0.8221206,-0.3384457,0,0.14424615522195952
576,-0.8836644,-0.0060609463,4.152171,0.9816101,-0.25647464,-0.4143329,-0.44212633,-0.8221206,-0.3384457,0,0.1654930872543422
577,-0.8836644,-0.0060609463,4.152171,0.9816101,-0.25647464,-0.5722019,-0.44212633,-0.8221206,-0.3384457,1,0.14990891533389475
578,-0.8836644,-0.47047913,0.22830538,0.9816101,-0.9254915,-0.5722019,-0.44212633,-0.8221206,-0.3384457,0,0.0008473002934931442
579,-0.8836644,0.45835724,4.152171,0.9816101,-0.25647464,-0.5722019,-0.44212633,-0.8221206,-0.3384457,0,0.11112918321300454
580,-0.8836644,0.14874512,0.22830538,-0.87700605,-0.9254915,-0.632908,-0.9277533,-0.8221206,-0.3384457,0,4.273538156083783e-05
581,-1.0015074,-0.31567305,0.22830538,-0.41235194,-0.9254915,-0.45086932,-0.9277533,-0.8526462,-0.3384457,0,0.00010793547715372655
582,-1.0015074,-0.31567305,0.22830538,-0.41235194,-0.9254915,-0.45086932,-0.9277533,-0.8526462,-0.3384457,0,0.00010793547715372655
583,-1.0769268,0.30355117,0.22830538,-0.87700605,-0.9254915,-0.4143329,-0.9277533,-0.9676864,-0.3384457,0,4.035481978240241e-05
584,-0.3887241,0.14874512,0.22830538,0.05230195,1.7505759,2.770824,1.5003821,-0.46583727,-0.3384457,1,0.9989770077091945
585,-0.3887241,-0.160867,1.5362606,0.05230195,1.7505759,-0.4143329,1.5003821,-0.46583727,-0.3384457,1,0.9970947237032183
586,-0.3887241,-0.160867,1.5362606,0.05230195,1.7505759,-0.4143329,1.5003821,-0.46583727,-0.3384457,1,0.9970947237032183
587,-0.3887241,-0.47047913,0.22830538,0.05230195,-0.9254915,0.18496019,-0.9277533,-0.46583727,-0.3384457,0,0.0003809006332525117
588,-0.3887241,-0.31567305,1.5362606,0.05230195,-0.9254915,-0.49091697,-0.9277533,-0.46583727,-0.3384457,0,0.0006132554863943047
589,-0.3887241,-0.47047913,1.5362606,0.05230195,-0.9254915,-0.49091697,-0.9277533,-0.46583727,-0.3384457,0,0.0006877014437318012
590,-0.3887241,-0.47047913,0.22830538,-0.41235194,-0.9254915,0.18496019,0.2863143,-0.46583727,-0.3384457,0,0.0015579121765484738
591,-0.3887241,-0.47047913,-1.0796498,-0.41235194,0.4125422,-0.4078659,0.2863143,-0.46583727,2.9546845,0,0.0039039207248707988
592,-0.3887241,-0.47047913,2.8442159,0.51695615,1.7505759,-0.632908,1.5003821,-0.46583727,-0.3384457,1,0.9994102556236341
593,-0.3887241,-0.47047913,2.8442159,0.51695615,1.7505759,-0.632908,1.5003821,-0.46583727,-0.3384457,1,0.9994102556236341
594,-0.3887241,-0.47047913,2.8442159,0.51695615,1.7505759,-0.632908,1.5003821,-0.46583727,-0.3384457,1,0.9994102556236341
595,-0.3887241,-0.47047913,-1.0796498,0.51695615,0.4125422,-0.4078659,1.5003821,-0.46583727,-0.3384457,1,0.3825826431967148
596,-0.940229,-0.31567305,0.22830538,-0.87700605,1.7505759,2.770824,1.5003821,-0.8515071,-0.3384457,1,0.997746789068526
597,-0.940229,1.0775815,0.22830538,-0.87700605,-0.9254915,0.006051538,-0.9277533,-0.8515071,-0.3384457,0,3.407481792005938e-05
598,-0.27559486,0.6131633,0.22830538,0.51695615,-0.9254915,-0.5256185,-0.9277533,-0.48383373,-0.3384457,0,0.00014502125119516228
599,-0.27559486,-0.47047913,0.22830538,0.51695615,-0.9254915,-0.632908,-0.9277533,-0.48383373,-0.3384457,0,0.00029870935921367115
600,-0.27559486,-0.47047913,-1.0796498,0.51695615,0.4125422,-0.632908,-0.9277533,-0.48383373,-0.3384457,0,0.012014098762418882
601,-0.27559486,-0.47047913,-1.0796498,0.51695615,0.4125422,-0.632908,-0.9277533,-0.48383373,-0.3384457,0,0.012014098762418882
602,-1.0345033,0.14874512,0.22830538,-0.41235194,-0.9254915,2.770824,-0.9277533,-0.9569797,-0.3384457,0,0.0007443669423118066
603,-1.0345033,-0.160867,0.22830538,-0.41235194,-0.9254915,2.770824,-0.9277533,-0.9569797,-0.3384457,0,0.0009360207073213511
604,-0.9873662,-0.160867,2.8442159,0.05230195,1.7505759,0.006051538,1.5003821,-0.9091412,-0.3384457,1,0.9990215496613329
605,-0.9873662,-0.160867,2.8442159,0.05230195,1.7505759,2.770824,1.5003821,-0.9091412,-0.3384457,1,0.9998746991335271
606,-0.9873662,-0.160867,2.8442159,0.05230195,1.7505759,2.770824,1.5003821,-0.9091412,-0.3384457,1,0.9998746991335271
607,-0.8648095,0.45835724,0.22830538,-0.41235194,-0.9254915,-0.3894948,-0.9277533,-0.87610984,-0.3384457,0,5.829923339922677e-05
608,-0.8648095,0.45835724,0.22830538,-0.41235194,-0.9254915,-0.3894948,-0.9277533,-0.87610984,-0.3384457,0,5.829923339922677e-05
609,-0.8648095,-0.47047913,1.5362606,0.51695615,-0.9254915,0.006051538,-0.9277533,-0.87610984,-0.3384457,0,0.001111159071831455
610,-0.8648095,-0.47047913,1.5362606,0.51695615,-0.9254915,0.006051538,-0.9277533,-0.87610984,-0.3384457,0,0.001111159071831455
611,-0.8648095,0.9227754,0.22830538,0.51695615,-0.9254915,-0.4143329,-0.9277533,-0.87610984,-0.3384457,0,9.712062709639931e-05
612,-0.8648095,-0.31567305,0.22830538,0.51695615,-0.9254915,-0.4143329,-0.9277533,-0.87610984,-0.3384457,0,0.00024298240901223818
